אייקון,יום,תאריך,שם המקום,קטגוריות לסינון,עדיפות,מיקום במפה,מזג אוויר אידיאלי,תיאור ומה ניתן לעשות,תחבורה והגעה ליעד,אזור במסלול,טווח שעות מומלץ,זמן מוערך,ימי סגירה / הערות חשובות,עלות משוערת (₪ ו-¥),איך ומתי להזמין,קישור,משך נסיעה מהיעד הקודם,ניווט גוגל מפות (מהיעד הקודם),סיכון,מתקנים ודרישות,מה צריך להכין מראש

🛬,00 (שני),12/10/2026,טיסה הלוך לטוקיו (Emirates),תחבורה | טיסה בינלאומית,⭐⭐⭐⭐⭐ חובה,"Ben Gurion Airport, Tel Aviv",הכל (מקורה),"טיסת הלוך מישראל לטוקיו עם אמירייטס. המראה מתל אביב ב-23:50 (12/10), קונקשן בדובאי, ונחיתה בהאנדה טוקיו ב-22:20 (13/10). מס' כרטיס: 176 2211631766-67. PNR: M6HGVB.

🍽️ פתרון תזונה יומי: ארוחה כשרה במטוס.

🥤 שילוב חלבון: שייק חלבון לפני השינה במטוס.

[רמת עומס: 🟡 בינוני]

💡 Plan B עיכוב: במקרה עיכוב טיסה — המתנה באזור מנוחה/לאונג' בטרמינל וארגון מחדש של לוח הזמנים.

🔍 לסינון: תחבורה",הגעה לשדה כ-3 שעות לפני ההמראה לרישום ובידוק.,ישראל > טוקיו,20:00 (הגעה לשדה),16 שעות טיסה,,2250.22 ₪,✅ כבר הוזמן ושולם (חלק מעלות כוללת של 1503.77$),https://www.emirates.com/,-,https://www.google.com/maps/search/?api=1&query=Ben+Gurion+Airport+Terminal+3,,"⚠️ כבודה: 30 ק""ג מזוודה ו-7 ק""ג טרולי.",✓ דרכון | ✓ כרטיסי טיסה מודפסים | ✓ ביטוח נסיעות | ✓ Power Bank וכבל



🛬,01 (שלישי),13/10/2026,Haneda Airport Terminal 3,לוגיסטיקה | שדה תעופה,⭐⭐⭐⭐⭐ חובה,"2 Chome-6-5 Hanedakuko, Ota City, Tokyo 144-0041, Japan",הכל (מקורה),"נחיתה ביפן (22:20). [רמת עומס: 🟢 קל]

• איסוף מזוודות, ביקורת דרכונים ומכס. ✅ טופס Visit Japan Web מולא בהצלחה! הברקוד מוכן להצגה כאן: 

https://drive.proton.me/urls/VX9QKPTZSW#DZ02dsMRnqcf

💡 Plan B עייפות/עיכוב:
אם הטיסה מתעכבת משמעותית, דלג על חנות הנוחות וסע ישירות למרחצאות.

🍽️ פתרון תזונה: ארוחה כשרה מוזמנת מראש בטיסה + חטיפים כשרים מהארץ.

🥤 שילוב חלבון: חטיף/שייק חלבון זמין בתיק — לצריכה לפי הצורך.

🔍 לסינון: תחבורה / לוגיסטיקה","הליכה רגלית בתוך הטרמינל לאחר הנחיתה. עקוב אחר השילוט לקומת הקרקע.

[הנחיית רכבת: רכישת כרטיס Welcome Suica פיזי במכונות בשדה]",טוקיו - הגעה,22:20 (נחיתה),שעה וחצי,,0 ₪,✅ טופס מולא מראש והברקוד מוכן.,https://vjw-lp.digital.go.jp/en/,הגעה ליפן (0 דקות),https://www.google.com/maps/search/?api=1&query=Haneda+Airport+Terminal+3,,⚠️ לוקרים | ⚠️ שירותים | ⚠️ דורש אינטרנט,✓ דרכון בהישג יד | ✓ ברקוד Visit Japan Web מוכן בטלפון | ✓ כרטיס אשראי

🍽️,01 (שלישי),13/10/2026,Seven Eleven Haneda Airport,קניות | חנות נוחות,⭐⭐⭐ אם יש זמן,"2 Chome-6-5 Hanedakuko, Ota City, Tokyo 144-0041, Japan",הכל (מקורה),"חנות נוחות: משיכת כסף והצטיידות ראשונית.

• השתמש בכספומט 7-Bank למשיכת ינים ראשונית בעמלה אפסית.

🍽️ פתרון תזונה יומי: קניית אוכל, מים ופריטים קלים בחנות.

🍫 שילוב חלבון: חטיף חלבון שהבאת בתיק בזמן ההמתנה לשאטל.

[רמת עומס: 🟢 קל]

💡 Plan B: אם סגור — קומביני חלופי סמוך (רובם פתוחים 24/7).

🔍 לסינון: קניות / חנות נוחות / אוכל","אולם מקבלי הפנים בקומה 2.

[הנחיית תחבורה: תשלום במזומן או באשראי בחנות].",טוקיו - הגעה,23:50 - 00:30,40 דקות,,"כניסה: 0₪ | קניות (אופציונלי): כ-35 ₪ (~1,900 ¥)",🚶‍♂️ אין צורך בהזמנה מראש: פתוח 24/7 תשלום במקום.,https://www.sevenbank.co.jp/english/,≈ 5 דקות הליכה פנימית,https://www.google.com/maps/dir/?api=1&origin=Haneda+Airport+Terminal+3&destination=Seven Eleven+Haneda+Airport,,⚠️ לוקרים | ⚠️ שירותים,✓ דרכון (למשיכת כספים) | ✓ רשימת קניות קטנה | ✓ Power Bank וכבל




♨️,02 (רביעי),14/10/2026,Natural hot spring Heiwajima,ספא ומרחצאות | אונסן | לינה,⭐⭐⭐⭐⭐ חובה,"1 Chome-1-1 Heiwajima, Ota City, Tokyo 143-0006, Japan",הכל (מקורה),"מרחצאות הייוואג'ימה: מקלחת, טבילה ושינה עד הבוקר אחרי טיסה ארוכה וגט-לג ראשוני.

💡 רחצה באונסן היא בעירום מלא ומופרדת מגדרית. השתמש במגבת הקטנה (שמסופקת במקום) כדי לכסות את אזור החלציים בזמן ההליכה מחוץ למים, והנח אותה על הראש או בצד בעת הכניסה למים.

💡 המלצת רכישה: מומלץ להזמין ספציפית באתר הרשמי כדי להבטיח את חבילת ה-Welcome Course שכוללת את שאטל הלילה. שאר האפליקציות מוכרות כרטיסי כניסה רגילים שלא מבטיחים מקום בשאטל!

[בוקר רגוע: קום בנחת, תפילה, ארוחת בוקר קלה מחטיפים/טונה שהבאת, יציאה ב-08:45 לאחר דעיכת עומס הרכבות].

🍽️ פתרון תזונה יומי: בבוקר מזון מהארץ, בערב במסעדת חנה'ס פלייס.

🥤 שילוב חלבון: שייק חלבון בבוקר לאחר הטבילה באונסן.

[רמת עומס: 🟢 קל]

💡 Plan B: אם עמוס/סגור — קיצור השהייה או מעבר לאזור המנוחה המקורה של המתחם.

🔍 לסינון: מרחצאות / ספא","שאטל לילה חינמי שיוצא ישירות מטרמינל 3 (רציף אוטובוסים ייעודי) בסמוך לנחיתה.

[הנחיית נסיעה: אוטובוס לילה חינמי כלול בהזמנה]",טוקיו - הגעה,01:00 - 08:45,לילה שלם,,"100 ₪ (~5,400 ¥)","🚨 חובה להזמין מראש: ההרשמה נפתחת בדיוק חודש מראש - בתאריך 14/09/2026. (יש להזמין כניסה + שאטל).
⏰ התראה: קבע/י תזכורת ליום פתיחת ההזמנות 14/09/2026 + תזכורת הכנה יום לפני (13/09/2026) — לוודא אמצעי תשלום, פרטים וזמינות.","רשמי: https://www.heiwajima-onsen.jp/en/
Klook: https://www.klook.com/search/result/?query=Natural%20hot%20spring%20Heiwajima
Trip: https://www.trip.com/things-to-do/list?pagetype=city&keyword=Natural%20hot%20spring%20Heiwajima&kwdfrom=srch&ext-searchpage=1
KKday: https://www.kkday.com/en/product/productlist/Natural%20hot%20spring%20Heiwajima
GetYourGuide: https://www.getyourguide.com/s?q=Natural+hot+spring+Heiwajima
Pelago: https://www.pelago.co/en-US/search/?keyword=Natural%20hot%20spring%20Heiwajima",≈ 20 דקות (5 דקות לשאטל + 15 נסיעה),https://www.google.com/maps/dir/?api=1&origin=Haneda+Airport+Terminal+3&destination=Natural+hot+spring+Heiwajima,,⚠️ שירותים,✓ מזומן לחטיפים | ✓ בגדים להחלפה לבוקר | ✓ Power Bank וכבל

🏰,02 (רביעי),14/10/2026,Imperial Palace Tokyo,תרבות והיסטוריה | אתר תיירות,⭐⭐⭐ אם יש זמן,"1-1 Chiyoda, Chiyoda City, Tokyo",☀️ שמש / ☁️ מעונן,"ארמון הקיסר (נקי לחלוטין מסמלים דתיים - חילוני):

• הליכת בוקר רגועה להתאוששות מול חומות הארמון והגשרים העתיקים. סביבה פתוחה ונטולת לחץ. העוגן הראשון של הבוקר.

💡 Plan B גשם:
אם יורד גשם כבד, דלג על ההליכה הציבורית וסע ישירות למתחם הקניות המקורה באיקבוקורו.

[רמת עומס: 🟢 קל]

🍽️ פתרון תזונה: מכוסה בתכנון היומי — אוכל כשר שהוכן/נרכש מראש או חטיפים מהתיק.

🥤 שילוב חלבון: חטיף/שייק חלבון זמין בתיק — לצריכה לפי הצורך.

🔍 לסינון: פארק / היסטוריה / מקדש/ארמון","מ-Heiwajima קח קו Keikyu ל-Shinagawa ומשם החלף לקו 🟢 JR Yamanote לתחנת Tokyo.

[יציאה מומלצת: Marunouchi Central Exit]

[הנחיית רכבת: ✅ כרטיס IC פיזי].",טוקיו - מרכז,09:45 - 11:15,שעה וחצי,,חינם,🚶‍♂️ אין צורך בהזמנה מראש: סיור ציבורי חופשי.,https://sankan.kunaicho.go.jp/english/,≈ 45 דקות ברכבת והליכה,https://www.google.com/maps/dir/?api=1&origin=Natural+hot+spring+Heiwajima&destination=Imperial+Palace+Tokyo,,⚠️ שירותים,✓ נעלי הליכה נוחות | ✓ כרטיס IC טעון | ✓ משקפי שמש | ✓ Power Bank וכבל

🎢,02 (רביעי),14/10/2026,Thunder Dolphin (Tokyo Dome),אטרקציה | רכבת הרים,⭐⭐⭐⭐⭐ חובה,"1 Chome-3-61 Koraku, Bunkyo City, Tokyo",☀️ שמש / ☁️ מעונן (ללא גשם),"רכבת ההרים האגדית Thunder Dolphin:

• עוברת במהירות מטורפת דרך חור מובנה בתוך בניין ודרך מרכז גלגל ענק! נרכשת במקום בקופה, כך שאם יש לך ג'ט לג אפשר פשוט לוותר בלי לאבד כסף.

• ממשיכים ישירות מארמון הקיסר צפונה! 

💡 Plan B גשם/רוח כבדה/עייפות:
במקרה של עייפות קיצונית או גשם שוטף הרכבת נסגרת זמנית - הגיבוי הוא כניסה למשחקי הוידאו במתחם המקורה LaQua או חזרה למנוחה.

🍫 שילוב חלבון: אכילת חטיף חלבון בזמן ההמתנה בתור לרכבת ההרים.

[רמת עומס: 🔴 גבוה]

🍽️ פתרון תזונה: מכוסה בתכנון היומי — אוכל כשר שהוכן/נרכש מראש או חטיפים מהתיק.

🔍 לסינון: פארק שעשועים / אטרקציה","מתחנת Tokyo הסמוכה קח קו תחתית ישיר (Tokyo Metro Marunouchi Line) לתחנת Korakuen.",טוקיו - דום סיטי,11:30 - 13:00,שעה וחצי (כולל תור),,"36 ₪ (~1,900 ¥)",🚶‍♂️ תשלום במקום: בקופות האטרקציה אין צורך בהזמנה מראש.,https://www.tokyo-dome.co.jp/en/tourists/attractions/,≈ 15 דקות ברכבת,https://www.google.com/maps/dir/?api=1&origin=Imperial+Palace+Tokyo&destination=Thunder+Dolphin+Tokyo,,⚠️ שירותים,✓ בגדים מתאימים וכיסים נסגרים בריצ'רץ' (לאקסטרים) | ✓ Power Bank וכבל

🦉,02 (רביעי),14/10/2026,Animate Ikebukuro Flagship Store,קניות | אנימה ותרבות פופ,⭐⭐⭐⭐⭐ חובה,"1 Chome-20-7 Higashiikebukuro, Toshima City, Tokyo",הכל (מקורה),"חנות האנימה, המנגה והמרצ'נדייז הגדולה בעולם:

• 10 קומות מלאות בציוד פופ, גאדג'טים ותערוכות. חוצץ זמן מעולה וללא התחייבות אחרי האקסטרים של הרכבת.

[רמת עומס יומית: 🟢 קל].

💡 Plan B: אם עמוס/סגור — מעבר לחנות/קומביני סמוך או קיצור הביקור.

🍽️ פתרון תזונה: מכוסה בתכנון היומי — אוכל כשר שהוכן/נרכש מראש או חטיפים מהתיק.

🥤 שילוב חלבון: חטיף/שייק חלבון זמין בתיק — לצריכה לפי הצורך.

🔍 לסינון: קניות / אטרקציה","קו Marunouchi מתחנת Korakuen אל תחנת Ikebukuro. [יציאה: East Exit]",טוקיו - איקבוקורו,13:15 - 14:45,שעה וחצי,,"כניסה: 0₪ | קניות (אופציונלי): 185 ₪ (~10,000 ¥)",🚶‍♂️ כניסה חופשית.,https://www.animate.co.jp/,≈ 15 דקות בתחתית,https://www.google.com/maps/dir/?api=1&origin=Thunder+Dolphin+Tokyo&destination=Animate+Ikebukuro,,⚠️ שירותים,✓ כרטיס IC | ✓ שקית בד לקניות | ✓ Power Bank וכבל

🧸,02 (רביעי),14/10/2026,Gashapon Department Store Ikebukuro,קניות | תחביבים וגאדג'טים,⭐⭐⭐⭐ מומלץ,"3 Chome-1-1 Higashiikebukuro, Toshima City, Tokyo",הכל (מקורה),"חנות הגשפון הרשמית:

• מעל 3,000 מכונות קפסולה בתוך Sunshine City. תעסוקה כיפית, קלילה שלא מצריכה מאמץ.

[רמת עומס: 🟢 קל]

💡 Plan B: אם עמוס/סגור — מעבר לחנות/קומביני סמוך או קיצור הביקור.

🍽️ פתרון תזונה: מכוסה בתכנון היומי — אוכל כשר שהוכן/נרכש מראש או חטיפים מהתיק.

🥤 שילוב חלבון: חטיף/שייק חלבון זמין בתיק — לצריכה לפי הצורך.

🔍 לסינון: קניות / אטרקציה",הליכה קצרה מכלבו Animate אל תוך קניון סאנשיין סיטי קומה 3.,טוקיו - איקבוקורו,14:45 - 15:30,45 דקות,,"כניסה: 0₪ | קניות (אופציונלי): כ-55 ₪ (~3,000 ¥)",🚶‍♂️ תשלום במקום: המכונות מופעלות עם מטבעות 100 ין.,https://bandainamco-am.co.jp/,≈ 10 דקות הליכה,https://www.google.com/maps/dir/?api=1&origin=Animate+Ikebukuro&destination=Sunshine+City+Ikebukuro,,⚠️ שירותים,✓ שטרות של 1000¥ לפריטה למטבעות | ✓ Power Bank וכבל

🏙️,02 (רביעי),14/10/2026,Tokyo Metropolitan Government Building,אטרקציה | תצפית עירונית,⭐⭐⭐⭐ מומלץ,"Shinjuku City, Tokyo",☀️ ראות טובה / 🌃 לילה,"בניין הממשל המטרופוליטני של טוקיו:
• יורדים מאיקבוקורו ישר לשינג'וקו! תצפית חינמית מהקומה ה-45. נוף מדהים לכל טוקיו סוגר לך את החור לקראת שקיעה בחינם.

[רמת עומס: 🟢 קל]

💡 Plan B גשם/ערפל: אם הגג/מרפסת סגורים — התצפית מתבצעת מהקומה המקורה בבטחה.

🍽️ פתרון תזונה: מכוסה בתכנון היומי — אוכל כשר שהוכן/נרכש מראש או חטיפים מהתיק.

🥤 שילוב חלבון: חטיף/שייק חלבון זמין בתיק — לצריכה לפי הצורך.

🔍 לסינון: תצפית / אטרקציה","נסיעה בקו JR Yamanote או Fukutoshin מתחנת Ikebukuro אל Shinjuku, והליכה קצרה ליציאה המערבית.",טוקיו - שינג'וקו,16:15 - 17:30,שעה ורבע,,חינם,🚶‍♂️ אין צורך להזמין מראש: הכניסה חופשית ויש שילוט במקום.,https://www.metro.tokyo.lg.jp/english/offices/observat.html,≈ 25 דקות רכבת,https://www.google.com/maps/dir/?api=1&origin=Sunshine+City+Ikebukuro&destination=Tokyo+Metropolitan+Government+Building,,⚠️ שירותים,✓ מצלמה

🏮,02 (רביעי),14/10/2026,Omoide Yokocho & Kabukicho,אטרקציה עירונית | חיי לילה,⭐⭐⭐⭐⭐ חובה,"1 Chome-2 Nishishinjuku, Shinjuku City, Tokyo",🌃 לילה,"שינג'וקו סייברפאנק בלילה:

• סיור בסמטת Omoide Yokocho ומעבר לקבוקיצ'ו לצפייה בשלט גודזילה הענק. (העוגן החותם של היום).

⚠️ אזהרה בטיחותית: לא ללכת בשום אופן אחרי יחצני רחוב המציעים מועדונים!

[רמת עומס: 🟡 בינוני]

💡 Plan B: אם עמוס/סגור — מעבר לאטרקציה מקורה סמוכה או קיצור הביקור.

🍽️ פתרון תזונה: מכוסה בתכנון היומי — אוכל כשר שהוכן/נרכש מראש או חטיפים מהתיק.

🥤 שילוב חלבון: חטיף/שייק חלבון זמין בתיק — לצריכה לפי הצורך.

🔍 לסינון: אטרקציה / חיי לילה","הליכה רגלית קצרה ממתחם בניין הממשל חזרה אל מרכז התחנה והאזור התוסס של שינג'וקו.",טוקיו - שינג'וקו,17:45 - 19:15,שעה וחצי,,חינם,🚶‍♂️ אין צורך בהזמנה מראש: סיור רחוב חופשי.,https://www.japan-guide.com/e/e3011.html,≈ 15 דקות הליכה,https://www.google.com/maps/dir/?api=1&origin=Tokyo+Metropolitan+Government+Building&destination=Omoide+Yokocho,,⚠️ שירותים,✓ עירנות (אזור חיי לילה) | ✓ Power Bank וכבל

🏠,02 (רביעי),14/10/2026,🏠 Casa Central (Tokyo Apartment),לינה | דירה,⭐⭐⭐⭐⭐ חובה,"4 Chome-26-7 Chuo, Ota City, Tokyo",הכל (מקורה),"הגעה לדירה: בסיס הלינה הקבוע שלך בטוקיו.

• התארגנות בחדר, פריקת ציוד, מקלחת ומנוחה מלאה לריפוי הגט-לג.

🍽️ פתרון תזונה לערב זה: אכילת הסנדוויצ'ים והמזון הכשר שהבאת איתך מהארץ! חוסך זמן וכסף ביום הראשון.

🥤 שילוב חלבון: שייק חלבון בערב כהשלמה.

[רמת עומס: 🟢 קל]

💡 Plan B: אין צורך — זו נקודת לינה/מנוחה קבועה שכבר הוזמנה.

🔍 לסינון: לינה","מתחנת Shinjuku קח קו JR Yamanote או Saikyo לתחנת Shinagawa והחלף ל-Keihin-Tohoku לתחנת Omori.

[יציאה מומלצת: Omori Station יציאה צפונית North Exit]

[הנחיית רכבת: ✅ כרטיס IC]",טוקיו - אומורי,20:00 - 08:30,לינה,,"960.42 ₪ (~50,970 ¥)",✅ כבר הוזמן. צ'ק-אין כבר מ-16:00.,https://www.booking.com/,≈ 35 דקות ברכבות,https://www.google.com/maps/dir/?api=1&origin=Omoide+Yokocho&destination=4-26-7+Chuo+Ota+City+Tokyo,,⚠️ שירותים,✓ קודי צ'ק-אין לדירה | ✓ אוכל מהארץ לארוחת ערב




👓,03 (חמישי),15/10/2026,Eyecity / JINS / OWNDAYS,לוגיסטיקה וקניות | רפואי ואופטיקה,⭐⭐⭐⭐⭐ חובה,"JINS: 31-1 Udagawacho, Shibuya
OWNDAYS: 21-1 Udagawacho, Shibuya
Eyecity: 1-12-1 Dogenzaka, Shibuya",הכל (מקורה),"קניית העדשות וקניית המשקפיים במרוכז: תבחר שם במקום אם לעשות רק אחד מהם או את שניהם!
• עדשות מגע: בדיקה והזמנה מראש (למניעת חוסר מלאי). 

⚠️ תמיסת פקק אדום מחייבת השריה של 6 שעות! טיפטוף ישיר יגרום לצריבה עזה.

• משקפי ראייה: מסירת מרשם מהארץ ושדרוג מומלץ לעדשות חוסמות אור כחול (PC). ניתן לאסוף בהמשך היום.

[בוקר רגוע: קום, התפלל, אכול, וצא ב-09:15 לאחר שעות העומס של הבוקר].

🍽️ פתרון תזונה יומי: ארוחת בוקר קלה בדירה, וקניות בערב בדון קיחוטה לבישול.
🥤 שילוב חלבון: שייק חלבון בבוקר לפני היציאה.

[רמת עומס: 🟡 בינוני]
💡 Plan B: אם הדלפק עמוס, ניתן לדחות את קניית המשקפיים לזמן פנוי אחר, אך את העדשות חובה לבצע.","קו Keihin-Tohoku מתחנת Omori לשינגאווה, והחלפה לקו 🟢 JR Yamanote לתחנת Shibuya.",טוקיו - שיבויה,10:00 - 11:00,שעה,⚠️ בדיקה מהירה לאופטיקה.,784.97 ₪ (הערכה לשניהם יחד),🚶‍♂️ תשלום במקום. הצג דרכון פיזי לפטור ממס.,"JINS (אתר רשמי) https://www.jins.com/jp/
OWNDAYS (אתר רשמי) https://www.owndays.com/jp/ja/
Eyecity (אתר רשמי) https://www.eyecity.jp/",≈ 35 דקות ברכבת מאומורי,https://www.google.com/maps/dir/4-26-7+Chuo+Ota+City+Tokyo/JINS+Shibuya+Tokyo/OWNDAYS+Shibuya+Tokyo/Eyecity+Shibuya+Tokyo/,,⚠️ אפליקציית תרגום,✓ טלפון לתרגום | ✓ מרשם משקפיים | ✓ דרכון (Tax Free) | ✓ Power Bank וכבל

👟,03 (חמישי),15/10/2026,SIDAS FITTING LAB (Minami-Aoyama),לוגיסטיקה | רפואי,⭐⭐⭐⭐⭐ חובה,"1F Kokko Real Estate Minami-Aoyama Bldg, 2-27-7 Minami-Aoyama, Minato City, Tokyo 107-0062",הכל (מקורה),"מעבדת התאמת מדרסים אורתופדיים (SIDAS):

• מעבדה רפואית מתקדמת להתאמה אישית של מדרסי ואקום להגנה על הגב.
• הוזז ליום 3 כדי שיהיה להם זמן לייצר את זה עד לאיסוף ביום 7!

[מרווח ביטחון: הגעה 10 דקות לפני הזמן!].

[רמת עומס: 🟡 בינוני]

💡 Plan B: אם הדלפק סגור/עמוס — ביצוע הפעולה בקומביני או דלפק חלופי סמוך.

🍽️ פתרון תזונה: מכוסה בתכנון היומי — אוכל כשר שהוכן/נרכש מראש או חטיפים מהתיק.

🥤 שילוב חלבון: חטיף/שייק חלבון זמין בתיק — לצריכה לפי הצורך.

🔍 לסינון: לוגיסטיקה / רפואי","נסיעה קצרה בקו תחתית Ginza מ-Shibuya לתחנת Omotesando.

[יציאה מומלצת: תחנת Omotesando יציאה A4]",טוקיו - אאויאמה,11:15 - 12:30,שעה ורבע,,"כ-550 ₪ (~30,000 ¥)","🚨 חובה להזמין מראש: תור מוגדר מראש באתר הרשמי (כחודש מראש, החל מ-15/09/2026). ⏰ התראה: קבע תזכורת להזמנה ב-15/09/2026 + תזכורת הכנה יום לפני (14/09/2026) — לוודא אמצעי תשלום, פרטים וזמינות.
 וזמינות).",https://shop.sidas.co.jp/fitting-lab/eng/,≈ 15 דקות (תחתית והליכה קצרה),https://www.google.com/maps/dir/?api=1&origin=Eye+City+Shibuya&destination=1F+Kokko+Real+Estate+Minami-Aoyama+Bldg,,⚠️ שירותים,✓ גרביים נוחות למדידה | ✓ הגעה 10 דק' לפני הזמן! | ✓ Power Bank וכבל

🌳,03 (חמישי),15/10/2026,Yoyogi Park & Takeshita St,טבע ופארקים | פארק עירוני,⭐⭐⭐⭐ מומלץ,"1 Chome-19 Jingumae, Shibuya City, Tokyo",☀️ שמש / ☁️ מעונן,"פארק יויוגי ורחוב טקשיטה האייקוני:

• לאחר סיום ההזמנות הקריטיות, סיור רגוע בפארק (נקי מסמלי דת) וברחוב אופנת הרחוב המטורף של הרג'וקו.

💡 Plan B עייפות:
אם צפוף מדי בטקשיטה, חתוך מיד לרחוב הצידי הרגוע Takeshita Backstreets.

[רמת עומס: 🟢 קל]

🍽️ פתרון תזונה: מכוסה בתכנון היומי — אוכל כשר שהוכן/נרכש מראש או חטיפים מהתיק.

🥤 שילוב חלבון: חטיף/שייק חלבון זמין בתיק — לצריכה לפי הצורך.

🔍 לסינון: פארק / טבע",הליכה חזרה פנימה אל אזור הרג'וקו.,טוקיו - הרג'וקו,12:45 - 13:45,שעה,,חינם,🚶‍♂️ אין צורך בהזמנה מראש.,https://www.japan-guide.com/e/e3006.html,≈ 15 דקות הליכה,https://www.google.com/maps/dir/?api=1&origin=1F+Kokko+Real+Estate+Minami-Aoyama+Bldg&destination=Takeshita+Street+Tokyo,,⚠️ שירותים,✓ מזומן קטן לחטיפי רחוב | ✓ Power Bank וכבל

🧥,03 (חמישי),15/10/2026,2nd STREET & Galaxy Harajuku,קניות | אופנה וטכנולוגיה,⭐⭐⭐ אם יש זמן,"4 Chome-26-4 Jingumae, Shibuya City, Tokyo 150-0001",הכל (מקורה),"אופנת וינטג' וטכנולוגיה:

• חנות מעולה למציאת בגדי מותגים במצב חדש.
• גלקסי הרג'וקו: התנסויות מציאות מדומה (VR) בחינם.

[רמת עומס: 🟡 בינוני]

💡 Plan B: אם עמוס/סגור — מעבר לחנות/קומביני סמוך או קיצור הביקור.

🍽️ פתרון תזונה: מכוסה בתכנון היומי — אוכל כשר שהוכן/נרכש מראש או חטיפים מהתיק.

🥤 שילוב חלבון: חטיף/שייק חלבון זמין בתיק — לצריכה לפי הצורך.

🔍 לסינון: קניות",הליכה קצרה של 5 דקות מרחוב טקשיטה פנימה.,טוקיו - הרג'וקו,13:45 - 14:45,שעה,,"כניסה: 0₪ | קניות (אופציונלי): כ-185 ₪ (~10,000 ¥)",🚶‍♂️ הצג דרכון פיזי בקופה לפטור ממס (Tax-Free).,https://www.2ndstreet.jp/,≈ 5 דקות הליכה,https://www.google.com/maps/dir/?api=1&origin=Takeshita+Street+Tokyo&destination=Galaxy+Harajuku,,⚠️ שירותים,✓ דרכון פיזי | ✓ Power Bank וכבל

🚶,03 (חמישי),15/10/2026,Shibuya Crossing & Hikarie,אטרקציה עירונית | נוף עירוני,⭐⭐⭐⭐⭐ חובה,"2 Chome-2-1 Dogenzaka, Shibuya City, Tokyo",☀️ שמש / ☁️ מעונן,"מעבר החצייה המפורסם בשיבויה ומתחם היקארי:

• צעידה חווייתית בתוך נחיל האדם, צילום האורות ושלטי הניאון הענקיים.
• עלייה לקומה ה-11 בהיקארי ללובי השמיים החינמי לתצפת על הצומת.

🍫 שילוב חלבון: אכילת חטיף חלבון באזור המנוחה בהיקארי.

[רמת עומס: 🟡 בינוני]

💡 Plan B: אם עמוס/סגור — מעבר לאטרקציה מקורה סמוכה או קיצור הביקור.

🍽️ פתרון תזונה: מכוסה בתכנון היומי — אוכל כשר שהוכן/נרכש מראש או חטיפים מהתיק.

🔍 לסינון: אטרקציה / תצפית",הליכה דרומה מאזור הרג'וקו למטה אל מרכז שיבויה (כ-15 דקות הליכה).,טוקיו - שיבויה,15:00 - 16:00,שעה,,חינם,🚶‍♂️ אין צורך בהזמנה מראש.,https://www.japan-guide.com/e/e3007.html,≈ 15 דקות הליכה,https://www.google.com/maps/dir/?api=1&origin=Galaxy+Harajuku&destination=Shibuya+Crossing,,⚠️ שירותים,✓ מצלמה מוכנה | ✓ Power Bank וכבל

🏙️,03 (חמישי),15/10/2026,SHIBUYA SKY,אטרקציה | תצפית,⭐⭐⭐⭐⭐ חובה,"2 Chome-24-12 Shibuya, Shibuya City, Tokyo",🌃 לילה / ☀️ שמש,"SHIBUYA SKY (תזמון לשקיעה):

• התצפית הפתוחה הפופולרית בטוקיו בקומה ה-47!

💡 Plan B גשם/ערפל:
אם הגג הפתוח נסגר עקב גשם, התצפית מתבצעת מהקומה המקורה בבטחה.

💡 המלצת רכישה: מומלץ מאוד דרך Klook או KKday כי המחיר זהה לקופה אך מקבלים קאשבק ונקודות. התאריך והשעה קריטיים!

[רמת עומס: 🟡 בינוני]

🍽️ פתרון תזונה: מכוסה בתכנון היומי — אוכל כשר שהוכן/נרכש מראש או חטיפים מהתיק.

🥤 שילוב חלבון: חטיף/שייק חלבון זמין בתיק — לצריכה לפי הצורך.

🔍 לסינון: תצפית / אטרקציה",כניסה מקומת הקרקע של מגדל Shibuya Scramble Square קומה 14.,טוקיו - שיבויה,16:15 - 18:15 (שקיעה),שעתיים,,"60 ₪ (~3,200 ¥)","🚨 חובה להזמין מראש: מכירת הכרטיסים לשעה הרצויה נפתחת בדיוק 28 יום מראש בחצות שעון יפן. זה יוצא בדיוק בתאריך 16/09/2026 בשעה 18:00 שעון ישראל! תשים שעון מעורר לקנות באותו הרגע כדי לתפוס את השקיעה.
⏰ התראה: קבע/י תזכורת ליום פתיחת ההזמנות 16/09/2026 + תזכורת הכנה יום לפני (15/09/2026) — לוודא אמצעי תשלום, פרטים וזמינות.","רשמי: https://www.shibuya-scramble-square.com/sky/
Klook: https://www.klook.com/search/result/?query=SHIBUYA%20SKY
Trip: https://www.trip.com/things-to-do/list?pagetype=city&keyword=SHIBUYA%20SKY&kwdfrom=srch&ext-searchpage=1
KKday: https://www.kkday.com/en/product/productlist/SHIBUYA%20SKY
GetYourGuide: https://www.getyourguide.com/s?q=SHIBUYA+SKY
Pelago: https://www.pelago.co/en-US/search/?keyword=SHIBUYA%20SKY",≈ 5 דקות הליכה,https://www.google.com/maps/dir/?api=1&origin=Shibuya+Crossing&destination=SHIBUYA+SKY,,⚠️ שירותים,✓ שובר QR זמין | ✓ סוודר למרפסת | ✓ Power Bank וכבל

🍽️,03 (חמישי),15/10/2026,MEGA Don Quijote Shibuya,קניות | כלבו / סופרמרקט,⭐⭐⭐⭐⭐ חובה,"28-6 Udagawacho, Shibuya City, Tokyo 150-0042",הכל (מקורה),"קניות ובילוי לילי בשיבויה:

• סניף הדגל העצום של דון קיחוטה (פתוח 24/7). מקום מושלם לגאדג'טים ומזכרות.

[רמת עומס: 🟢 קל]

💡 Plan B: אם סגור — קומביני חלופי סמוך (רובם פתוחים 24/7).

🍽️ פתרון תזונה: מיד לאחר מכן ניסע לאכול במסעדת חנה'ס פלייס!

🥤 שילוב חלבון: חטיף/שייק חלבון זמין בתיק — לצריכה לפי הצורך.

🔍 לסינון: קניות / סופרמרקט / אוכל",הליכה קצרה ממתחם התצפית אל לב מדרחוב הקניות של שיבויה.,טוקיו - שיבויה,18:30 - 19:45,שעה ורבע,,"כניסה: 0₪ | קניות (אופציונלי): 277 ₪ (~15,000 ¥)",🚶‍♂️ הצג ברקוד הנחה מטלפון + דרכון פיזי בקופה.,https://www.donki.com/en/,≈ 10 דקות הליכה,https://www.google.com/maps/dir/?api=1&origin=SHIBUYA+SKY&destination=MEGA+Don+Quijote+Shibuya,,⚠️ שירותים,✓ דרכון פיזי | ✓ שקית קניות | ✓ Power Bank וכבל

🍽️,03 (חמישי),15/10/2026,Chana's Place (Kosher Restaurant),מסעדה | אוכל כשר,⭐⭐⭐⭐⭐ חובה,"1-5-23 Takanawa, Minato City, Tokyo 108-0074",הכל (מקורה),"מסעדת חנה'ס פלייס (בית חב'ד טוקיו):

• ארוחת ערב יפנית (אוכל אותנטי) וכשרה (סושי, ראמן, קאטסו, מנות בקר). סוגר לך את הפינה של לבשל היום בעצמך!

[רמת עומס: 🟢 קל]

💡 Plan B: אם המקום סגור/יקר/עמוס — קניית מצרכים כשרים בסופר/קומביני והכנה עצמאית בדירה.

🍽️ פתרון תזונה יומי: ארוחת ערב במסעדה במקום בישול בדירה.

🥤 שילוב חלבון: חטיף/שייק חלבון זמין בתיק — לצריכה לפי הצורך.

🔍 לסינון: מסעדה / אוכל",מתחנת Shibuya קח קו JR Yamanote ישירות לתחנת Takanawa Gateway והליכה רגלית קצרה.,טוקיו - מינאטו,20:15 - 21:30,שעה ורבע,,"כ-150 ₪ (~8,000 ¥)","🚨 חובה להזמין שולחן מראש באתר האינטרנט! מומלץ להזמין כשבועיים מראש (החל מ-01/10/2026). ⏰ התראה: קבע תזכורת להזמנה ב-01/10/2026 + תזכורת הכנה יום לפני (30/09/2026) — לוודא אמצעי תשלום, פרטים וזמינות.",https://chabad.jp/,≈ 25 דקות נסיעה ברכבת משיבויה,https://www.google.com/maps/dir/?api=1&origin=MEGA+Don+Quijote+Shibuya&destination=Chana's+Place+Tokyo,,⚠️ שירותים,✓ הזמנת שולחן מראש | ✓ Power Bank וכבל

🏠,03 (חמישי),15/10/2026,🏠 Casa Central (Tokyo),לינה | דירה,⭐⭐⭐⭐⭐ חובה,"4 Chome-26-7 Chuo, Ota City, Tokyo",הכל (מקורה),"חזרה בטוחה לדירה, מנוחה ולינה.

• בזכות המסעדה, חסכת לעצמך את הבישולים. פשוט להתקלח ולישון לקראת מחר.

[רמת עומס: 🟢 קל]

💡 Plan B: אין צורך — זו נקודת לינה/מנוחה קבועה שכבר הוזמנה.

🍽️ פתרון תזונה: בטן מלאה מחנה'ס פלייס.

🥤 שילוב חלבון: חטיף/שייק חלבון זמין בתיק — לצריכה לפי הצורך.

🔍 לסינון: לינה","מתחנת Takanawa Gateway קח קו Keihin-Tohoku לתחנת Omori.",טוקיו - אומורי,22:00 - 08:30,לינה,,0 ₪,✅ כבר הוזמן.,https://www.booking.com/,≈ 15 דקות ברכבת,https://www.google.com/maps/dir/?api=1&origin=Chana's+Place+Tokyo&destination=4-26-7+Chuo+Ota+City+Tokyo,,⚠️ שירותים,✓ מנוחה | ✓ Power Bank וכבל





✨,04 (שישי),16/10/2026,teamLab Borderless,אטרקציה | אמנות דיגיטלית,⭐⭐⭐⭐⭐ חובה,"1 Chome-2-4 Azabudai, Minato City, Tokyo 106-0041, Japan",הכל (מקורה),"מוזיאון האמנות הדיגיטלית teamLab Borderless (Azabudai Hills):

• מבוך ענק, מהפנט ועתידני של אורות דינמיים ללא מסלול מוגדר. עוגן הבוקר שלך!

💡 המלצת רכישה: המכירה פתוחה! שריין עכשיו את סלוט הכניסה של 09:00–09:30 באתר הרשמי כדי להיכנס לפני שמתחיל העומס.

לא ניתן לבטל או לשנות את סוג וכמות הכרטיסים לאחר הרכישה, אך ניתן לשנות את תאריך ושעת הביקור עד שלוש פעמים ועד שעתיים לפני מועד הכניסה.

כרטיס אופציונלי לחדר התה (EN TEA HOUSE) בעלות 600 ין (ניתן לרכוש מראש או במקום), שבו שותים תה בזמן שפרחים דיגיטליים פורחים וגדלים בצורה קסומה בתוך הכוס כל עוד יש בה נוזל.

[בוקר רגוע אבל מוקדם!: קום מוקדם יותר, התפלל, אכול, וצא מהדירה ב-08:30 (כדי להספיק להגיע בנוחות למתחם Azabudai Hills לקראת הסלוט של 09:00)].

🍽️ פתרון תזונה יומי: צהריים בדייוידס דלי, ערב בחב'ד שבת.

🥤 שילוב חלבון: שייק חלבון בבוקר בדירה. 🍫 חטיף בהמתנה לכניסה פה.

[רמת עומס: 🔴 גבוה]

💡 Plan B: התערוכה מקורה ומוגנת; אם עמוס — כניסה בשעת השובר המדויקת בלבד.","קו JR Keihin-Tohoku ל-Shimbashi, והחלפה לקו Hibiya לתחנת Kamiyacho.

[יציאה מומלצת: תחנת Kamiyacho יציאה 5 - מחברת ישירות למתחם]",טוקיו - המפרץ/מינאטו,09:00 - 12:00,כ-3 שעות בפנים,,"כ-117 ₪ (~6,200 ¥)","🚨 המכירה פתוחה! הזמן עכשיו סלוט של 09:00–09:30 באתר הרשמי.
⏰ לאחר ההזמנה, לחץ על כפתור 'סמן כטופל' באפליקציה.","רשמי: https://borderless.teamlab.art/
Klook: https://www.klook.com/search/result/?query=teamLab%20Borderless%20Tokyo
Trip: https://www.trip.com/things-to-do/list?pagetype=city&keyword=teamLab%20Borderless%20Tokyo&kwdfrom=srch&ext-searchpage=1
KKday: https://www.kkday.com/en/product/productlist/teamLab%20Borderless%20Tokyo
GetYourGuide: https://www.getyourguide.com/s?q=teamLab+Borderless+Tokyo
Pelago: https://www.pelago.co/en-US/search/?keyword=teamLab%20Borderless+Tokyo",≈ 40 דקות רכבת,https://www.google.com/maps/dir/?api=1&origin=4-26-7+Chuo+Ota+City+Tokyo&destination=teamLab+Borderless+Tokyo,,⚠️ שירותים,✓ סוללה ניידת טעונה ב-100% | ✓ Power Bank וכבל

🗼,04 (שישי),16/10/2026,Tokyo Tower Main Deck,אטרקציה | תצפית עירונית,⭐⭐⭐⭐ מומלץ,"4 Chome-2-8 Shibakoen, Minato City, Tokyo 105-0011, Japan",הכל (מקורה),"תצפית מגדל טוקיו (Main Deck):

• מגדל הפלדה האדום והאיקוני של טוקיו בגובה 150 מטר. תצפית פנורמית מדהימה על כל העיר ועל אזור מפרץ טוקיו.
• משמש כחוצץ מושלם וגאוגרפי מדויק: נמצא ממש מטרים ספורים מיציאת ה-*teamLab Borderless*, חוסך נסיעות ומוביל אותך בצורה חלקה לכיוון דרום למסעדת דוד!

💡 Plan B לחץ זמן:
אם יש לחץ זמן לקראת שבת, ניתן להסתפק בבניין ה-FootTown התחתון או לקצר את השהות למרפסת בלבד.

💡 המלצת רכישה: מומלץ לבדוק שילוב כרטיסים באפליקציות (כמו Klook או Trazy) יחד עם אטרקציות סמוכות.

[רמת עומס: 🟡 בינוני]

🍽️ פתרון תזונה: מכוסה בתכנון היומי — אוכל כשר שהוכן/נרכש מראש או חטיפים מהתיק.

🥤 שילוב חלבון: חטיף/שייק חלבון זמין בתיק — לצריכה לפי הצורך.

🔍 לסינון: תצפית / אטרקציה",הליכה רגלית ישירה של כ-10-15 דקות ממתחם Azabudai Hills אל מגדל טוקיו.,טוקיו - המפרץ/מינאטו,12:45 - 14:45,שעתיים,,"כ-65 ₪ (~3,500 ¥)","🚨 מומלץ להזמין מראש: זמין חודשים מראש, אפשר להזמין גם כחודש לפני.
⏰ התראה: קבע/י תזכורת להזמנה מראש — לוודא אמצעי תשלום, פרטים וזמינות.","רשמי: https://www.tokyotower.co.jp/en/
Klook: https://www.klook.com/search/result/?query=Tokyo%20Tower%20Main%20Deck
Trip: https://www.trip.com/things-to-do/list?pagetype=city&keyword=Tokyo%20Tower&kwdfrom=srch&ext-searchpage=1
KKday: https://www.kkday.com/en/product/productlist/Tokyo%20Tower
GetYourGuide: https://www.getyourguide.com/s?q=Tokyo+Tower
Pelago: https://www.pelago.co/en-US/search/?keyword=Tokyo%20Tower",≈ 15 דקות הליכה,https://www.google.com/maps/dir/?api=1&origin=teamLab+Borderless+Tokyo&destination=Tokyo+Tower,,⚠️ שירותים,✓ מצלמה טעונה | ✓ Power Bank וכבל

🍽️,04 (שישי),16/10/2026,David's Deli (Jewish Deli),מסעדה | אוכל כשר,⭐⭐⭐⭐ מומלץ,"5-13-13 Mita, Minato City, Tokyo",הכל (מקורה),"מעדניית דוד (מסעדה המגישה אוכל יהודי כשר):

• משלים לך את הרצף הגיאוגרפי! ארוחת צהריים מאוחרת וקניית נשנושים ומטעמים לשבת על הציר הדרומי הביתה.

[רמת עומס: 🟢 קל]

💡 Plan B: אם המקום סגור/יקר/עמוס — קניית מצרכים כשרים בסופר/קומביני והכנה עצמאית בדירה.

🍽️ פתרון תזונה: מכוסה בתכנון היומי — אוכל כשר שהוכן/נרכש מראש או חטיפים מהתיק.

🥤 שילוב חלבון: חטיף/שייק חלבון זמין בתיק — לצריכה לפי הצורך.

🔍 לסינון: מסעדה / אוכל","המשך הליכה נעימה או נסיעה קצרה ממגדל טוקיו דרומה אל אזור מיטה (Mita).",טוקיו - מינאטו,15:00 - 15:30,30 דקות,,"כ-92 ₪ (~5,000 ¥)",🚶‍♂️ מומלץ לוודא טלפונית שפתוחים.,https://davidsdeli.co.jp/en/,≈ 15 דקות הליכה,https://www.google.com/maps/dir/?api=1&origin=RED+TOKYO+TOWER&destination=David's+Deli+Tokyo,,⚠️ שירותים,✓ רכישת מטעמים לשבת | ✓ Power Bank וכבל

🏠,04 (שישי),16/10/2026,🏠 Casa Central (Tokyo),לינה | דירה,⭐⭐⭐⭐⭐ חובה,"4 Chome-26-7 Chuo, Ota City, Tokyo 143-0024, Japan",הכל (מקורה),"התארגנות מוקדמת לשבת:

• חזרה לדירה לביצוע הכנות טכנולוגיות: נטרול חיישני תאורה, הדבקת מתג מקרר וניתוק שירותים חכמים (Washlet).

[רמת עומס: 🟢 קל]

💡 חלון זמן בטוח: הגעה ב-15:45 נותנת לך בדיוק שעה עגולה של התארגנות ממוקדת עד כניסת שבת (16:45).

🍽️ פתרון תזונה: ארוחת ערב/בוקר בהכנה עצמאית בדירה או שאריות מהיום.

🥤 שילוב חלבון: חטיף/שייק חלבון זמין בתיק — לצריכה לפי הצורך.

🔍 לסינון: לינה",מתחנת Mita קח קו Mita Line לתחנת Tamachi והחלף לקו Keihin-Tohoku לתחנת Omori.,טוקיו - אומורי,15:45 - 16:45,התארגנות לשבת,,0 ₪,✅ כבר הוזמן. כניסת שבת באזור 16:45!,https://www.booking.com/,≈ 30 דקות ברכבת,https://www.google.com/maps/dir/?api=1&origin=David's+Deli+Tokyo&destination=4-26-7+Chuo+Ota+City+Tokyo,,⚠️ שירותים,✓ דבק נייר/מסקינטייפ לכפתורים | ✓ הכנת חגורת שבת למפתח | ✓ מפתח דירה פיזי

🍽️,04 (שישי),16/10/2026,Chabad Tokyo Japan,דת וקהילה | תפילה וארוחות,⭐⭐⭐⭐⭐ חובה,"1-25-18 Sanno, Ota-ku, Tokyo 143-0023, Japan",הכל,"תפילות וקבלת שבת בבית חב""ד טוקיו:

• תפילת מנחה: 10 דקות לאחר הדלקת נרות.
• קבלת שבת וסעודה: 40 דקות לאחר הדלקת נרות.
• מינגלינג ומפגש חברתי עם מטיילים מכל העולם באווירה קהילתית.

🍽️ פתרון תזונה יומי: סעודת ליל שבת, מגישים אוכל בחב'ד.

[רמת עומס: 🟢 קל]

💡 Plan B: אין צורך — פעילות במסגרת קהילת חב""ד לפי לוח הזמנים הקבוע.

🥤 שילוב חלבון: חטיף/שייק חלבון זמין בתיק — לצריכה לפי הצורך.

🔍 לסינון: מסעדה / אוכל / דת","הליכה רגלית בלבד!

🚨 איסור נסיעה וטלטול חפצים מחוץ לעירוב — השתמש בחגורת שבת למפתח.",טוקיו - יהדות/כשר (אוֹמוֹרִי),18:00 - 20:30,זמני שבת,,120.60 ₪,✅ כבר הוזמן ושולם מראש ($39.43),https://chabad.jp/,≈ 15 דקות הליכה,https://maps.app.goo.gl/BdZAFYU7pePqAgNH7,,⚠️ שירותים,✓ ביגוד מכבד | ✓ חגורת שבת למפתח | ✓ מפתח דירה פיזי

🏠,04 (שישי),16/10/2026,🏠 Casa Central (Tokyo),לינה | דירה,⭐⭐⭐⭐⭐ חובה,"4 Chome-26-7 Chuo, Ota City, Tokyo 143-0024, Japan",הכל (מקורה),"חזרה רגלית לדירה:

• מנוחה ושינה בנחת.

[רמת עומס: 🟢 קל]

💡 Plan B: אין צורך — זו נקודת לינה/מנוחה קבועה שכבר הוזמנה.

🍽️ פתרון תזונה: ארוחת ערב/בוקר בהכנה עצמאית בדירה או שאריות מהיום.

🥤 שילוב חלבון: חטיף/שייק חלבון זמין בתיק — לצריכה לפי הצורך.

🔍 לסינון: לינה",הליכה רגלית נוחה מבית חב'ד בחזרה לדירה.,טוקיו - אומורי,20:45 - 08:30,לינה,,0 ₪,✅ כבר הוזמן ברישום הרגיל.,https://www.booking.com/,≈ 15 דקות הליכה,https://www.google.com/maps/dir/?api=1&origin=Chabad+Tokyo+Japan&destination=4-26-7+Chuo+Ota+City+Tokyo,,⚠️ שירותים,✓ חגורת שבת למפתח




🍽️,05 (שבת),17/10/2026,Chabad Lubavitch / Rest Day,דת וקהילה | שבת,⭐⭐⭐⭐⭐ חובה,"1-25-18 Sanno, Ota-ku, Tokyo 143-0023, Japan",הכל,"יום מנוחה מוחלט (שבת קודש) בבית כנסת חב""ד:

• 10:00 - תפילת שחרית.
• 12:00 - קידוש חם וצ'ולנט.

🍽️ פתרון תזונה יומי: כל סעודות השבת והאוכל בחב'ד.

[רמת עומס: 🟢 קל]

💡 Plan B: אין צורך — פעילות במסגרת קהילת חב""ד לפי לוח הזמנים הקבוע.

🥤 שילוב חלבון: חטיף/שייק חלבון זמין בתיק — לצריכה לפי הצורך.

🔍 לסינון: מסעדה / אוכל / דת",הליכה רגלית קצרה והולמת הלוך וחזור מהדירה.,טוקיו - יהדות/כשר (אוֹמוֹרִי),10:00 - 14:00,כל היום,,0 ₪,✅ סעודה הכלולה בהזמנה מראש.,https://chabad.jp/,≈ 15 דקות הליכה,https://maps.app.goo.gl/BdZAFYU7pePqAgNH7,,⚠️ שירותים,✓ חגורת שבת מותאמת למפתח

🌳,05 (שבת),17/10/2026,Omori Furusato-no-Hamabe Park,טבע ופארקים | פארק וחוף,⭐⭐⭐ אם יש זמן,"2 Chome-2-1 Furusatonohamabekoen, Ota City, Tokyo 143-0006, Japan",☀️ שמש / ☁️ מעונן,"הליכת שבת פסטורלית אחר הצהריים:

• סיור רגלי מרענן בפארק ציבורי הכולל חוף ים מלאכותי ומדשאות. ללא נסיעות וללא חילול שבת.

[רמת עומס: 🟢 קל]

💡 Plan B גשם: אם יורד גשם כבד — קיצור ההליכה ומעבר למתחם מקורה סמוך.

🍽️ פתרון תזונה: מכוסה בתכנון היומי — אוכל כשר שהוכן/נרכש מראש או חטיפים מהתיק.

🥤 שילוב חלבון: חטיף/שייק חלבון זמין בתיק — לצריכה לפי הצורך.

🔍 לסינון: פארק / טבע",הליכה רגלית בלבד (כ-25 דקות הליכה נינוחה מהדירה באומורי במסלול ישר וברור).,טוקיו - אזור המפרץ (אוֹמוֹרִי),14:00 - 16:00,שעתיים,,חינם,🚶‍♂️ אין צורך בהזמנה מראש: פארק ציבורי פתוח.,https://www.city.ota.tokyo.jp/shisetsu/park/omorifurusatonohamabe.html,≈ 25 דקות הליכה (כיוון אחד),https://www.google.com/maps/dir/?api=1&origin=4-26-7+Chuo+Ota+City+Tokyo&destination=Omori+Furusato-no-Hamabe+Park,,,✓ נעלי הליכה | ✓ חגורת שבת

🌃,05 (שבת),17/10/2026,Roppongi,אטרקציה עירונית | חיי לילה,⭐⭐⭐⭐ מומלץ,"6 Chome-10-1 Roppongi, Minato City, Tokyo 106-6108, Japan",🌃 לילה / ☀️ ראות טובה,"מוצאי שבת ברופונגי:

• הבדלה בבית חב'ד עם הקהילה מיד עם צאת השבת (17:45), ונסיעה מהירה משם לרובע חיי הלילה של טוקיו.

[רמת עומס: 🟢 קל].

💡 Plan B: אם עמוס/סגור — מעבר לאטרקציה מקורה סמוכה או קיצור הביקור.

🍽️ פתרון תזונה: מכוסה בתכנון היומי — אוכל כשר שהוכן/נרכש מראש או חטיפים מהתיק.

🥤 שילוב חלבון: חטיף/שייק חלבון זמין בתיק — לצריכה לפי הצורך.

🔍 לסינון: אטרקציה / חיי לילה","הליכה לתחנת Omori, קו Keihin-Tohoku לתחנת Ebisu, והחלף לקו Hibiya לתחנת Roppongi.

[יציאה מומלצת: יציאה 1C]",טוקיו - המפרץ/מינאטו,18:30 - 20:00,שעה וחצי,,חינם,🚶‍♂️ אין צורך בהזמנה מראש: סיור רחוב חופשי.,https://www.japan-guide.com/e/e3031.html,≈ 40 דקות ברכבת,https://www.google.com/maps/dir/?api=1&origin=4-26-7+Chuo+Ota+City+Tokyo&destination=Roppongi+Station+Tokyo,,⚠️ שירותים,"✓ ארנק, סלולרי וציוד יומיומי (השבת יצאה) | ✓ Power Bank וכבל"

🏢,05 (שבת),17/10/2026,Roppongi Hills Mori Tower,אטרקציה | תצפית,⭐⭐⭐⭐ מומלץ,"6 Chome-10-1 Roppongi, Minato City, Tokyo 106-6108, Japan",🌃 לילה / ☀️ ראות טובה,"תצפית פנורמית לילית מקומת הגג של מגדל מורי:

• מבט עוצר נשימה על גורדי השחקים.

💡 Plan B גשם/ערפל:
אם הראות גרועה במיוחד, דלג על התצפית ועבור למשחקי ארקייד מקורים.

💡 המלצת רכישה: הזמנה ב-Klook עדיפה כדי להימנע לחלוטין מעמידה בתור למעליות בקופות. אתה פשוט עולה ישירות למעלה עם ה-QR קוד.

[רמת עומס: 🟡 בינוני]

🍽️ פתרון תזונה: מכוסה בתכנון היומי — אוכל כשר שהוכן/נרכש מראש או חטיפים מהתיק.

🥤 שילוב חלבון: חטיף/שייק חלבון זמין בתיק — לצריכה לפי הצורך.

🔍 לסינון: תצפית / אטרקציה",הליכה קצרה של 3 דקות ממרכז רופונגי פנימה אל מתחם מגדל רופונגי הילס.,טוקיו - המפרץ/מינאטו,20:00 - 21:30,שעה וחצי,,כ-70 ₪,"🚨 מומלץ להזמין מראש: ב-Klook (החל מ-03/10/2026) להבטחת שעה נוחה ללא תור.
⏰ התראה: קבע/י תזכורת ליום פתיחת ההזמנות 03/10/2026 + תזכורת הכנה יום לפני (02/10/2026) — לוודא אמצעי תשלום, פרטים וזמינות.","רשמי: https://tcv.roppongihills.com/en/
Klook: https://www.klook.com/search/result/?query=Roppongi%20Hills%20Mori%20Tower
Trip: https://www.trip.com/things-to-do/list?pagetype=city&keyword=Roppongi%20Hills%20Mori%20Tower&kwdfrom=srch&ext-searchpage=1
KKday: https://www.kkday.com/en/product/productlist/Roppongi%20Hills%20Mori%20Tower
GetYourGuide: https://www.getyourguide.com/s?q=Roppongi+Hills+Mori+Tower
Pelago: https://www.pelago.co/en-US/search/?keyword=Roppongi%20Hills%20Mori%20Tower",≈ 10 דקות הליכה,https://www.google.com/maps/dir/?api=1&origin=Roppongi+Station+Tokyo&destination=Roppongi+Hills+Mori+Tower,,⚠️ שירותים,✓ שובר Klook בטלפון | ✓ מצלמה | ✓ Power Bank וכבל

🏠,05 (שבת),17/10/2026,🏠 Casa Central (Tokyo),לינה | דירה,⭐⭐⭐⭐⭐ חובה,"4 Chome-26-7 Chuo, Ota City, Tokyo 143-0024, Japan",הכל (מקורה),"חזרה לדירה למנוחה ושינה רציפה. (שעה בטוחה לפני הדוחק).

[רמת עומס: 🟢 קל]

💡 Plan B: אין צורך — זו נקודת לינה/מנוחה קבועה שכבר הוזמנה.

🍽️ פתרון תזונה: ארוחת ערב/בוקר בהכנה עצמאית בדירה או שאריות מהיום.

🥤 שילוב חלבון: חטיף/שייק חלבון זמין בתיק — לצריכה לפי הצורך.

🔍 לסינון: לינה",מסלול רכבות הפוך: קו Hibiya לתחנת Ebisu והחלפה לקו Keihin-Tohoku חזרה לתחנת Omori.,טוקיו - אומורי,22:15 - 08:30,לינה,,0 ₪,✅ כבר הוזמן (דירת בסיס).,https://www.booking.com/,≈ 40 דקות ברכבת,https://www.google.com/maps/dir/?api=1&origin=Roppongi+Hills+Mori+Tower&destination=4-26-7+Chuo+Ota+City+Tokyo,,⚠️ שירותים,✓ מנוחה | ✓ Power Bank וכבל



🏎️,06 (ראשון),18/10/2026,STREET KART Tokyo Bay,אטרקציה | אקסטרים,⭐⭐⭐⭐⭐ חובה,"1 Chome-24-6 Kitashinagawa, Shinagawa City",☀️ שמש בלבד,"קרטינג כביש אקסטרימי (Tokyo Bay):

⚠️ דגש קריטי על הרישיון הבינלאומי: יפן מחמירה מאוד ודורשת שהרישיון הבינלאומי (ממכס/ממסי) יהיה בעל תאריך הנפקה של השנה הנוכחית (2026) ולא מסתפקים רק בכך שהתוקף הכללי שלו עתידי!

https://drive.proton.me/urls/VX9QKPTZSW#DZ02dsMRnqcf

• נהיגה מטורפת על כבישי טוקיו הפתוחים וחציית גשר ה-Rainbow Bridge! קרוב מאוד לדירה שלך.

💡 המלצת רכישה: כאן היתרון של Klook / KKday הוא עצום - לאתר הרשמי שלהם יש נטייה להיתקע ולהיות לא ברור, בעוד שהאפליקציות מציגות את השעות הפנויות בבירור באנגלית ומאפשרות ביטול מסודר.

[בוקר רגוע: קום בנחת, התפלל ואכול. יציאה ב-08:50 במדויק והגעה אך ורק ברכבות (להגעה באזור 09:30) למניעת סיכוני פקקים של בוקר - חובה להגיע חצי שעה לפני הזמן].

🍽️ פתרון תזונה יומי: ארוחת בוקר קלה, מסעדת וואגיו כשר בערב!

🥤 שילוב חלבון: שייק חלבון בבוקר לפני היציאה לקארטינג.

[רמת עומס: 🔴 גבוה]

💡 Plan B מזג אוויר/עומס: אם המתקן סגור (גשם/רוח) — מעבר למתקן מקורה סמוך או קיצור הביקור.

🔍 לסינון: אטרקציה / אקסטרים","הגעה אך ורק ברכבת!
מתחנת Omori קח קו JR Keihin-Tohoku ל-Shinagawa והחלף לקו Keikyu לתחנת Kitashinagawa.

[יציאה מומלצת: יציאה יחידה]",טוקיו - מפרץ,10:00 - 12:30,שעתיים וחצי,,"כ-328 ₪","✅ כבר הוזמן ושולם! חובה להביא רישיון בינלאומי ודרכון.","רשמי: https://kart.st/en/
Klook: https://www.klook.com/search/result/?query=STREET%20KART%20Tokyo%20Bay
Trip: https://www.trip.com/things-to-do/list?pagetype=city&keyword=STREET%20KART%20Tokyo%20Bay&kwdfrom=srch&ext-searchpage=1
KKday: https://www.kkday.com/en/product/productlist/STREET%20KART%20Tokyo%20Bay
GetYourGuide: https://www.getyourguide.com/s?q=STREET+KART+Tokyo+Bay
Pelago: https://www.pelago.co/en-US/search/?keyword=STREET%20KART%20Tokyo%20Bay",≈ 25 דקות רכבת,https://www.google.com/maps/dir/?api=1&origin=Omori+Station+Tokyo&destination=STREET+KART+Tokyo+Bay,,⚠️ שירותים,✓ רישיון נהיגה ישראלי | ✓ רישיון בינלאומי ממס'י | ✓ דרכון פיזי | ✓ משקפי שמש | ✓ Power Bank וכבל

💡,06 (ראשון),18/10/2026,Panasonic Center Tokyo,טכנולוגיה | חוויה ותצוגה,⭐⭐⭐ אם יש זמן,"Ariake, Koto City, Tokyo",הכל (מקורה),"אולם תצוגה מקיף לטכנולוגיות בית חכם ואוטומציית IoT (השראה לפרויקטים ביתיים).
• הוקדם ליום ראשון כדי למנוע את הסגירה ביום שני! 
• נמצא ממש באזור המפרץ וישתלב מושלם אחרי הקארטינג ולפני אקיהברה.
[רמת עומס: 🟢 קל]. 
💡 Plan B: אם עמוס/סגור — מעבר לאטרקציה מקורה סמוכה.
🍽️ פתרון תזונה: מכוסה בתכנון היומי.
🥤 שילוב חלבון: חטיף חלבון בתיק.
🔍 לסינון: מוזיאון / טכנולוגיה","רכבת מתחנת Shinagawa/Tennozu אל מתחם Ariake (תחנת Kokusai-Tenjijo). [יציאה מומלצת: West Exit]",טוקיו - אודאיבה,13:00 - 15:30,שעתיים וחצי,סגור שני!,חינם,🚶‍♂️ אין צורך להזמין מראש: כניסה חופשית.,https://holdings.panasonic/global/corporate/center-tokyo.html,≈ 40 דקות הליכה ורכבת Rinkai,https://www.google.com/maps/dir/?api=1&origin=STREET+KART+Tokyo+Bay&destination=Panasonic+Center+Tokyo,,⚠️ שירותים,✓ טלפון לקריאת QR קודים בתערוכה | ✓ Power Bank וכבל

🍽️,06 (ראשון),18/10/2026,Maid Cafe Experience (@home cafe Flagship),מסעדה | חוויה תרבותית,⭐⭐⭐⭐ מומלץ,"1-11-4 Sotokanda, Chiyoda City, Tokyo 101-0021",הכל (מקורה),"חווית מייד קפה באקיהברה (@home cafe Flagship):

• בית הקפה המקצועי והטוב ביותר ביפן. תרבות האוטאקו במיטבה, הגשת שתייה, טקסי הפעלת קסמים על האוכל (חילוני לחלוטין).

[רמת עומס: 🟢 קל]

💡 Plan B: אם המקום סגור/יקר/עמוס — קניית מצרכים כשרים בסופר/קומביני והכנה עצמאית בדירה.

🍽️ פתרון תזונה: מכוסה בתכנון היומי — אוכל כשר שהוכן/נרכש מראש או חטיפים מהתיק.

🥤 שילוב חלבון: חטיף/שייק חלבון זמין בתיק — לצריכה לפי הצורך.

🔍 לסינון: מסעדה / אוכל / אטרקציה","נסיעה ברכבת מאזור אודאיבה ישירות לתחנת Akihabara.

[יציאה מומלצת: Electric Town Gate]",טוקיו - אקיהברה,16:15 - 17:15,שעה,,"כ-60 ₪ (~3,200 ¥)",🚶‍♂️ אין צורך בהזמנה מראש: מגיעים ונרשמים בדלפק הכניסה.,https://www.cafe-athome.com/en/,≈ 40 דקות ברכבת,https://www.google.com/maps/dir/?api=1&origin=Miraikan+Tokyo&destination=1-11-4+Sotokanda+Chiyoda+City+Tokyo,,⚠️ שירותים,✓ סמארטפון לצילום (מותר בתנאים מסוימים) | ✓ Power Bank וכבל

💻,06 (ראשון),18/10/2026,Sofmap AKIBA & Janpara,קניות | טכנולוגיה ואלקטרוניקה,⭐⭐⭐⭐⭐ חובה,"4 Chome-1-1 Sotokanda, Chiyoda City, Tokyo",הכל (מקורה),"שופינג טכנולוגי באקיהברה:

• זמן המוקדש לשופינג חומרה ורכיבי PC קצה, כרטיסי מסך RTX וגאדג'טים יד-שנייה.

[רמת עומס: 🔴 גבוה - הליכה מרובה בין חנויות].

💡 Plan B: אם עמוס/סגור — מעבר לחנות/קומביני סמוך או קיצור הביקור.

🍽️ פתרון תזונה: מכוסה בתכנון היומי — אוכל כשר שהוכן/נרכש מראש או חטיפים מהתיק.

🥤 שילוב חלבון: חטיף/שייק חלבון זמין בתיק — לצריכה לפי הצורך.

🔍 לסינון: קניות / טכנולוגיה",הליכה קצרה ברחובות האחוריים של אקיהברה.,טוקיו - אקיהברה,17:15 - 18:45,שעה וחצי,,"כניסה: 0₪ | קניות (אופציונלי): כ-370 ₪ (~20,000 ¥)",🚶‍♂️ אין צורך בהזמנה מראש: הצג דרכון בקופה לפטור ממס (Tax-Free).,https://www.sofmap.com/,≈ 5 דקות הליכה,https://www.google.com/maps/dir/?api=1&origin=1-11-4+Sotokanda+Chiyoda+City+Tokyo&destination=Sofmap+AKIBA,,⚠️ שירותים,✓ דרכון פיזי (חובה ל-Tax Free) | ✓ כרטיס אשראי | ✓ Power Bank וכבל

🕹️,06 (ראשון),18/10/2026,GiGO Akihabara 3,אטרקציה | ארקייד,⭐⭐⭐⭐ מומלץ,"1 Chome-1-11 Sotokanda, Chiyoda City, Tokyo",הכל (מקורה),"בניין GiGO:

• מתחמי ארקייד, סימולטורים ומנופי בובות ענקיים באקיהברה.

[רמת עומס: 🟡 בינוני]

💡 Plan B: אם עמוס/סגור — מעבר לאטרקציה מקורה סמוכה או קיצור הביקור.

🍽️ פתרון תזונה: מכוסה בתכנון היומי — אוכל כשר שהוכן/נרכש מראש או חטיפים מהתיק.

🥤 שילוב חלבון: חטיף/שייק חלבון זמין בתיק — לצריכה לפי הצורך.

🔍 לסינון: פארק שעשועים / אטרקציה",הליכה קצרה על הרחוב הראשי של אקיהברה.,טוקיו - אקיהברה,18:45 - 20:00,שעה וחצי,,"כ-55 ₪ (~3,000 ¥)",🚶‍♂️ הפעלת מכונות באמצעות מטבעות 100 ין.,https://tempo.gendago.jp/,≈ 5 דקות הליכה,https://www.google.com/maps/dir/?api=1&origin=Sofmap+AKIBA&destination=GiGO+Akihabara+3,,⚠️ שירותים,✓ מטבעות 100 ין או שטרות לפריטה | ✓ Power Bank וכבל

🍽️,06 (ראשון),18/10/2026,Kosher Wagyu Tokyo (Chabad),מסעדה | אוכל כשר (בשרים),⭐⭐⭐⭐⭐ חובה,"1-25-18 Sanno, Ota-ku, Tokyo 143-0023",הכל (מקורה),"ארוחת ערב בקר וואגיו כשר (Kosher Wagyu) בבית חב'ד טוקיו! 

• חווית בשרים איכותית לסיום יום עמוס באקיהברה. במקום לבשל בדירה, מגישים אוכל פה. שולב בהצלחה מתוך האופציות!

💡 חלופה זולה (Plan B): למקרה שזה יקר מדי ולא תרצה לאכול שם, ניתן להזמין מנה זולה ופשוטה יותר בחב'ד מראש, או לעבור בסופרמרקט לפני הדירה ולקנות מצרכים לארוחת ערב עצמאית.

🍽️ פתרון תזונה יומי: מסעדת וואגיו כשר פה.

🥤 שילוב חלבון: שייק חלבון לאחר הארוחה להשלמה.

[רמת עומס: 🟢 קל]

🔍 לסינון: מסעדה / אוכל",רכבת מתחנת Akihabara (קו Keihin-Tohoku) לתחנת Omori והליכה קצרה לחב'ד.,טוקיו - אומורי,20:45 - 22:00,שעה ורבע,,"כ-250 ₪ (~13,500 ¥)","🚨 חובה להזמין מראש דרך בית חב'ד (כשבועיים מראש, סביב 04/10/2026) ולציין Kosher Wagyu. ⏰ התראה: קבע תזכורת להזמנה ב-04/10/2026 + תזכורת הכנה יום לפני (03/10/2026) — לוודא אמצעי תשלום, פרטים וזמינות.
.",https://chabad.jp/,≈ 35 דקות ברכבת,https://www.google.com/maps/dir/?api=1&origin=Akihabara+Station&destination=Chabad+Tokyo,,⚠️ שירותים,✓ תיאום מראש קריטי עם חב'ד | ✓ Power Bank וכבל

🏠,06 (ראשון),18/10/2026,🏠 Casa Central (Tokyo),לינה | דירה,⭐⭐⭐⭐⭐ חובה,"4 Chome-26-7 Chuo, Ota City, Tokyo",הכל (מקורה),"חזרה לדירה למנוחה ושינה לאחר ארוחת הוואגיו הכשרה והמפנקת.

• שעה מושלמת לחזרה הביתה ללא דוחק בתחנות.

[רמת עומס: 🟢 קל]

💡 Plan B: אין צורך — זו נקודת לינה/מנוחה קבועה שכבר הוזמנה.

🍽️ פתרון תזונה: ארוחת ערב/בוקר בהכנה עצמאית בדירה או שאריות מהיום.

🥤 שילוב חלבון: חטיף/שייק חלבון זמין בתיק — לצריכה לפי הצורך.

🔍 לסינון: לינה",הליכה קצרה מבית חב'ד אל הדירה שלך באומורי.,טוקיו - אומורי,22:15 - 08:30,לינה,,0 ₪,✅ כבר הוזמן (בסיס קבוע בטוקיו).,https://www.booking.com/,≈ 15 דקות הליכה,https://www.google.com/maps/dir/?api=1&origin=Chabad+Tokyo&destination=4-26-7+Chuo+Ota+City+Tokyo,,⚠️ שירותים,✓ מנוחה לקראת מחר | ✓ Power Bank וכבל




🛍️,07 (שני),19/10/2026,איסוף מדרסים (Minami-Aoyama),לוגיסטיקה | רפואי,⭐⭐⭐⭐⭐ חובה,"1F Kokko Real Estate Minami-Aoyama Bldg, 2-27-7 Minami-Aoyama, Minato City, Tokyo 107-0062",הכל (מקורה),"איסוף הציוד הרפואי (מדרסים מותאמים אישית מ-SIDAS):

• מאחר והזמנת אותם ביום ה-3 לטיול (חמישי), עברו 4 ימים ויש להם מספיק זמן לסיים אותם.

[בוקר מוקדם ורגוע: תפילה, ארוחה קלה, יציאה באזור 09:00 לדילוג על העומס ולמען מרווח ביטחון להמשך היום].

🍽️ פתרון תזונה יומי: מזון שהוכן מראש/נרכש בערב.

🥤 שילוב חלבון: שייק חלבון בבוקר לפני היציאה.

[רמת עומס: 🟡 בינוני]

💡 Plan B: אם הדלפק סגור/עמוס — ביצוע הפעולה בקומביני או דלפק חלופי סמוך.

🔍 לסינון: לוגיסטיקה / רפואי","קו Keihin-Tohoku לשינגאווה, והחלפה ל-Yamanote לתחנת Omotesando. הליכה מתחנת Omotesando.

[יציאה מומלצת: תחנת Omotesando יציאה A4]",טוקיו - אאויאמה,09:45 - 10:30,45 דקות,,שולם ביום ה-3,🚶‍♂️ איסוף מהיר בקופות עם הקבלה מיום 03.,https://shop.sidas.co.jp/fitting-lab/eng/,≈ 45 דקות ברכבת מאומורי,https://www.google.com/maps/dir/?api=1&origin=4-26-7+Chuo+Ota+City+Tokyo&destination=1F+Kokko+Real+Estate+Minami-Aoyama+Bldg,,⚠️ שירותים,✓ קבלה על הרכישה | ✓ דרכון | ✓ Power Bank וכבל

🚗,07 (שני),19/10/2026,Nissan Crossing & Sony Store,טכנולוגיה | חוויה ותצוגה,⭐⭐⭐ אם יש זמן,"5 Chome-8-1 Ginza, Chuo City, Tokyo",הכל (מקורה),"טכנולוגיה בגינזה:

• תצוגת הרכבים העתידנית של ניסאן וטכנולוגיות צילום מתקדמות של סוני. עצירה ממוזגת ונעימה על הדרך למזח!

💡 Plan B:
מקום סגור, אפשר להעביר כאן זמן רגוע בבית הקפה שבקומה השנייה.

🍫 שילוב חלבון: אכילת חטיף חלבון באזור המנוחה פה.

[רמת עומס: 🟢 קל]

🍽️ פתרון תזונה: מכוסה בתכנון היומי — אוכל כשר שהוכן/נרכש מראש או חטיפים מהתיק.

🔍 לסינון: אטרקציה / טכנולוגיה","נסיעה קצרה מתחנת Omotesando על קו תחתית Ginza Line ישירות לתחנת Ginza.

[יציאה מומלצת: תחנת Ginza יציאה A4]

[הנחיית רכבת: ✅ כרטיס IC]",טוקיו - גינזה,11:00 - 12:00,שעה,,חינם,🚶‍♂️ אין צורך בהזמנה מראש: כניסה חופשית.,https://www3.nissan.co.jp/crossing/en.html,≈ 30 דקות (תחתית + הליכה),https://www.google.com/maps/dir/?api=1&origin=1F+Kokko+Real+Estate+Minami-Aoyama+Bldg&destination=Nissan+Crossing+Tokyo,,⚠️ שירותים,✓ מצלמה / טלפון טעון | ✓ כרטיס אשראי לקפה | ✓ Power Bank וכבל

🚤,07 (שני),19/10/2026,Tokyo Water Bus (Suijobus),תחבורה | שייט,⭐⭐⭐⭐ מומלץ,"Hinode Pier, Minato City, Tokyo",☀️ שמש / ☁️ מעונן,"שייט עתידני במפרץ טוקיו!

• ירידה קצרה למזח Hinode ושייט כיפי במסלול ישיר לאודאיבה (Odaiba Marine Park).
• מסלול זה מוריד אותך בדיוק בנקודה המושלמת להתחיל את יום אודאיבה!

💡 Plan B גשם/ערפל: אם השייט מבוטל בגלל מזג אוויר, קח רכבת תחתית ישירה מגינזה לתחנת Daiba (דרך Shimbashi).

💡 המלצת רכישה: עדיף להזמין דרך Klook כדי לצבור נקודות וליהנות מממשק אנגלית חלק, אך האתר הרשמי מציג את השעות בצורה המדויקת ביותר.

[רמת עומס: 🟡 בינוני]

🍽️ פתרון תזונה: מכוסה בתכנון היומי — אוכל כשר שהוכן/נרכש מראש או חטיפים מהתיק.

🥤 שילוב חלבון: חטיף/שייק חלבון זמין בתיק — לצריכה לפי הצורך.

🔍 לסינון: תחבורה / אטרקציה","רכבת מתחנת גינזה עד ל-Hamamatsucho והליכה למזח Hinode.

[הנחיית שיט: ❌ כרטיס IC לא תופס, דורש כרטיס שיט מודפס מהאתר]",טוקיו - מים,13:00 - 14:00,שעה,,"כ-25 ₪ (~1,350 ¥)","🚨 מומלץ להזמין מראש: החל מ-19/09/2026. שריון של מספר ימים מראש מספיק בד""כ למסלול זה.
⏰ התראה: קבע/י תזכורת ליום פתיחת ההזמנות 19/09/2026 + תזכורת הכנה יום לפני.",https://www.suijobus.co.jp/en/,≈ 25 דקות (רכבת והליכה למזח),https://www.google.com/maps/dir/?api=1&origin=Nissan+Crossing+Tokyo&destination=Hinode+Pier,,⚠️ שירותים,✓ כרטיס שייט מודפס או בטלפון | ✓ משקפי שמש | ✓ Power Bank וכבל

🤖,07 (שני),19/10/2026,Miraikan (Museum of Emerging Science),מוזיאון | טכנולוגיה ומדע,⭐⭐⭐ אם יש זמן,"2 Chome-3-6 Aomi, Koto City, Tokyo",הכל (מקורה),"מיראיקאן - מוזיאון החדשנות והמדע:

• נדחה ליום שני מכיוון שהוא פתוח ביום זה (סגור בשלישי). 
• הסירה הורידה אותך בדיוק באזור הזה באודאיבה. אתה מתחיל איתו כי הוא נסגר ב-17:00!

💡 Plan B גשם: מקורה לחלוטין.

🍫 שילוב חלבון: חטיף חלבון כאן במהלך הסיור.

[רמת עומס: 🟡 בינוני]

🍽️ פתרון תזונה: מכוסה בתכנון היומי — אוכל כשר שהוכן/נרכש מראש או חטיפים מהתיק.

🔍 לסינון: מוזיאון / טכנולוגיה","הליכה קצרה מתחנת הירידה של הסירה באודאיבה אל המוזיאון (כ-10 דקות).",טוקיו - אודאיבה,14:15 - 16:15,שעתיים,סגור בשלישי!,"18 ₪ (~1,000 ¥)",🚶‍♂️ אין צורך להזמין מראש: קניית כרטיס בקופה במקום.,https://www.miraikan.jst.go.jp/en/,≈ 15 דקות הליכה מהמזח,https://www.google.com/maps/dir/?api=1&origin=Odaiba+Marine+Park+Pier&destination=Miraikan+Tokyo,,⚠️ שירותים,✓ נעלי הליכה | ✓ מזומן / כרטיס אשראי | ✓ Power Bank וכבל

🎢,07 (שני),19/10/2026,Tokyo Joypolis,אטרקציה | פארק שעשועים מקורה,⭐⭐⭐⭐⭐ חובה,"1 Chome-6-1 Daiba, Minato City, Tokyo",הכל (מקורה),"פארק שעשועים מקורה ענק של SEGA:

• משחקי מציאות מדומה חופשית, סימולטורים ומתחמי סוניק. שיא האנרגיה ביום האחרון שלך בטוקיו!

💡 המלצת רכישה: אל תקנה באתר הרשמי! ב-Klook, Trip ו-KKday מקבלים הנחות קבועות של כ-15-20% על 'Passport' (כניסה חופשית למתקנים). הקוד נסרק ישירות בכניסה.

[רמת עומס: 🔴 גבוה]

💡 Plan B מזג אוויר/עומס: אם עמוס מדי או חסום, דלג ישירות ל-teamLab (שממילא הבא בתור) או ערוך סיבוב קניות קצר בקניון DECKS הסמוך עד התפנות תורים.

🍽️ פתרון תזונה: מכוסה בתכנון היומי — אוכל כשר שהוכן/נרכש מראש או חטיפים מהתיק.

🥤 שילוב חלבון: חטיף/שייק חלבון זמין בתיק — לצריכה לפי הצורך.

🔍 לסינון: פארק שעשועים / אטרקציה","קח את הרכבת העילית הנופית Yurikamome אל תחנת Odaiba-Kaihinkoen.

[יציאה מומלצת: North Exit]

[הנחיית רכבת: ✅ כרטיס IC]",טוקיו - אודאיבה,16:30 - 18:45,שעתיים ורבע,,"120 ₪ (~6,500 ¥)","🚨 מומלץ להזמין מראש: ניתן לרכוש תמיד, רצוי כשבוע לפני כדי להבטיח את ההנחה באפליקציות.
⏰ התראה: קבע תזכורת להזמנה ב-12/10/2026 (שבוע מראש) + תזכורת הכנה יום לפני (11/10/2026) — לוודא אמצעי תשלום, פרטים וזמינות.
","רשמי: https://tokyo-joypolis.com/language/english/
Klook: https://www.klook.com/search/result/?query=Tokyo%20Joypolis
Trip: https://www.trip.com/things-to-do/list?pagetype=city&keyword=Tokyo%20Joypolis&kwdfrom=srch&ext-searchpage=1
KKday: https://www.kkday.com/en/product/productlist/Tokyo%20Joypolis
GetYourGuide: https://www.getyourguide.com/s?q=Tokyo+Joypolis
Pelago: https://www.pelago.co/en-US/search/?keyword=Tokyo%20Joypolis",≈ 15 דקות נסיעה ב-Yurikamome,https://www.google.com/maps/dir/?api=1&origin=Panasonic+Center+Tokyo&destination=Tokyo+Joypolis,,⚠️ שירותים,✓ בגדים נוחים לסימולטורים | ✓ נעליים סגורות | ✓ כרטיס IC | ✓ Power Bank וכבל

🔮,07 (שני),19/10/2026,teamLab Planets TOKYO DMM,אטרקציה | אמנות דיגיטלית,⭐⭐⭐⭐⭐ חובה,"6 Chome-1-16 Toyosu, Koto City, Tokyo",הכל (מקורה),"מוזיאון האמנות הדיגיטלית teamLab Planets:

• חוויה חושית מדהימה הכוללת הליכה יחפה במים עד הברכיים ואינטראקציה עם מיצגי אור מטורפים. הסירה הורידה אותך בדיוק באזור זה!

💡 המלצת רכישה: מומלץ מאוד לקנות ב-Klook או KKday! לעתים קרובות יש להם קודי קופון ליפן שיוזילו את המחיר, והכרטיס נשמר ישירות באפליקציה כ-QR קוד נוח לסריקה.

[רמת עומס יומית משולבת: 🔴 גבוה].

💡 Plan B: התערוכה מקורה ומוגנת; אם עמוס — כניסה בשעת השובר המדויקת בלבד.

🍽️ פתרון תזונה: מכוסה בתכנון היומי — אוכל כשר שהוכן/נרכש מראש או חטיפים מהתיק.

🥤 שילוב חלבון: חטיף/שייק חלבון זמין בתיק — לצריכה לפי הצורך.

🔍 לסינון: מוזיאון / אטרקציה","הליכה קצרה מתחנת העגינה בטויסו (או נסיעה של תחנה אחת בקו הרכבת העילית Yurikamome) אל המוזיאון.

[יציאה מומלצת: תחנת Shin-Toyosu יציאה יחידה]

[הנחיית רכבת: ✅ כרטיס IC]",טוקיו - טויסו,19:15 - 21:15,שעתיים ,,"105 ₪ (~5,523 ¥)","🚨 חובה להזמין מראש: המכירה נפתחת כחודשיים-שלושה מראש (אמצע יולי - תחילת אוגוסט 2026). כרטיסים נחטפים, שריין ברגע שנפתח!
⏰ התראה: קבע תזכורת ליום פתיחת ההזמנות 19/07/2026 + תזכורת הכנה יום לפני (18/07/2026) — לוודא אמצעי תשלום, פרטים וזמינות.
","רשמי: https://teamlabplanets.dmm.com/en
Klook: https://www.klook.com/search/result/?query=teamLab%20Planets%20TOKYO
Trip: https://www.trip.com/things-to-do/list?pagetype=city&keyword=teamLab%20Planets%20TOKYO&kwdfrom=srch&ext-searchpage=1
KKday: https://www.kkday.com/en/product/productlist/teamLab%20Planets%20TOKYO
GetYourGuide: https://www.getyourguide.com/s?q=teamLab+Planets+TOKYO
Pelago: https://www.pelago.co/en-US/search/?keyword=teamLab%20Planets%20TOKYO",≈ 40 דקות שייט בסירה,https://www.google.com/maps/dir/?api=1&origin=Hinode+Pier&destination=teamLab+Planets+TOKYO+DMM,,⚠️ שירותים,✓ מכנסיים שאפשר לקפל מעל הברך | ✓ נעליים שקל לחלוץ | ✓ Power Bank וכבל


🍽️,07 (שני),19/10/2026,LIFE Omori Store,קניות | סופרמרקט,⭐⭐⭐⭐ מומלץ,"2 Chome-2-20 Chuo, Ota City, Tokyo 143-0024, Japan",הכל (מקורה),"סופרמרקט ענק (LIFE):

• הצטיידות קריטית במצרכי אוכל כשרים, פירות, מים וחטיפים לקראת היציאה מהעיר וההגעה להאקונה מחר בבוקר.

💡 קניית מוצרים לארוחת הערב להכנה בדירה עכשיו לפני האריזות (אם עדיין לא אכלת מספיק מהשאריות).

[רמת עומס: 🟢 קל]

💡 Plan B: אם סגור — קומביני חלופי סמוך (רובם פתוחים 24/7).

🍽️ פתרון תזונה: מכוסה בתכנון היומי — אוכל כשר שהוכן/נרכש מראש או חטיפים מהתיק.

🥤 שילוב חלבון: חטיף/שייק חלבון זמין בתיק — לצריכה לפי הצורך.

🔍 לסינון: קניות / סופרמרקט / אוכל","מיקום צמוד לחלוטין לתחנת Omori ולדירה שלך, מרחק הליכה של 3 דקות.",טוקיו - אומורי,22:00 - 22:45,45 דקות,,"כניסה: 0₪ | קניות (אופציונלי): כ-92 ₪ (~5,000 ¥)",🚶‍♂️ אין צורך להזמין מראש: קניות חופשי.,http://www.lifecorp.jp/,≈ 45 דקות חזרה לאומורי,https://www.google.com/maps/dir/?api=1&origin=Tokyo+Joypolis&destination=Life+Omori,,⚠️ שירותים,✓ שקית רב פעמית לקניות | ✓ Power Bank וכבל

🏠,07 (שני),19/10/2026,🏠 Casa Central (Tokyo),לינה | דירה,⭐⭐⭐⭐⭐ חובה,"4 Chome-26-7 Chuo, Ota City, Tokyo 143-0024, Japan",הכל (מקורה),"לילה אחרון בדירת טוקיו (קאזה סנטרל):

• בישול ארוחת ערב, שטיפת הסירים ואריזתם בתוך המזוודה הגדולה! 
• ארגון תיק הגב הקטן שישמש אותך ביומיים הקרובים להאקונה ונאגויה.

[רמת עומס: 🟢 קל]

💡 Plan B: אין צורך — זו נקודת לינה/מנוחה קבועה שכבר הוזמנה.

🍽️ פתרון תזונה: ארוחת ערב/בוקר בהכנה עצמאית בדירה או שאריות מהיום.

🥤 שילוב חלבון: חטיף/שייק חלבון זמין בתיק — לצריכה לפי הצורך.

🔍 לסינון: לינה",הליכה קצרה מהסופרמרקט בחזרה לדירה.,טוקיו - אומורי,22:45 - 08:30,מנוחה והתארגנות,,0 ₪,✅ כבר הוזמן מראש (צ'ק-אאוט מלא מחר בבוקר).,https://www.booking.com/,≈ 5 דקות הליכה,https://www.google.com/maps/dir/?api=1&origin=Life+Omori&destination=4-26-7+Chuo+Ota+City+Tokyo,,⚠️ שירותים,✓ מצרכים לארוחת ערב | ✓ Power Bank וכבל

🧳,07 (שני),19/10/2026,משלוח מזוודה ל-Kyoto,לוגיסטיקה | שילוח ציוד,⭐⭐⭐⭐⭐ חובה,"4 Chome-25-3 Chuo, Ota City, Tokyo 143-0024, Japan",הכל (מקורה),"לוגיסטיקת סירים חובה (Ta-Q-Bin): שילוח המזוודה הגדולה לקיוטו באמצע הלילה.
מהלך חובה כדי לנסוע קלים מחר בבוקר.

💡 שימוש חובה בזיפלוק/גופיה: הכנס את כל הנוזלים, השמפו, והקרמים לתוך שקיות זיפלוק אטומות וסגור היטב לפני האריזה במזוודה, למניעת נזילות כתוצאה מלחץ וטלטולי המשלוח!

📦 למה בלילה?
רק אחרי שסיימת לבשל ארוחת ערב בדירה ושטפת את הסירים, ארזת אותם עמוק בתוך המזוודה הגדולה. עכשיו כשהיא מוכנה, יורדים לשלוח אותה בלי תורים! 

📦 פרטי המשלוח למילוי בטופס הוורוד (Ta-Q-Bin):
• שם המלון: Hostel Gion SORA
• כתובת: 427 Rinkacho, Higashiyama Ward, Kyoto
• מיקוד: 605-0062

🚨 מה חובה להשאיר בתיק הגב (ליומיים באקסטרים):
1. בגדים נקיים להחלפה ליומיים.
2. ציוד רחצה מינימלי.
3. סוללות ניידות (Power Banks) - סכנת אש במזוודה!
4. מטענים, כבלים ומתאם.
5. תרופות אישיות.
6. אבקות וחטיפי חלבון ליומיים.
7. אוכל כשר שהכנת / חטיפים למשך היומיים הללו.

[רמת עומס: 🟢 קל - החנות תהיה ריקה לחלוטין].

💡 Plan B: אם חנות הנוחות המקומית סגורה/עמוסה באופן חריג — חפש סניף Yamato Transport ייעודי (Yamato Center) בקרבת מקום או דחה את המשלוח לשעה 07:00 בבוקר המחרת לפני היציאה להאקונה.

🍽️ פתרון תזונה יומי: כלול בארוחת הערב שהכנת בדירה.

🥤 שילוב חלבון: שייק חלבון לסיום היום לפני השינה.

🔍 לסינון: לוגיסטיקה","ירידה קצרה של 2 דקות אל דלפק חנות הנוחות Seven Eleven שנמצאת באותו הבלוק.

[הנחיית שילוח: תשלום באשראי או מזומן].",טוקיו - אומורי,23:30 - 23:50,20 דקות,,"60 ₪ (~3,200 ¥)",🚶‍♂️ אין צורך להזמין מראש: החנות ריקה בשעות האלה.,https://www.kuronekoyamato.co.jp/ytc/en/,≈ 2 דקות (ירידה מהדירה),https://www.google.com/maps/search/?api=1&query=Seven+Eleven+Omori,,⚠️ שירותים,✓ מזוודה ארוזה כולל סירים | ✓ טופס שילוח | ✓ כסף/אשראי




🚄,08 (שלישי),20/10/2026,Odawara Station (Hakone Gateway),תחבורה | רכבת,⭐⭐⭐⭐⭐ חובה,"1 Chome-1-9 Shiroyama, Odawara, Kanagawa 250-0045, Japan",הכל,"עזיבת טוקיו דרומה והגעה לתחנת אודווארה - שער הכניסה המרכזי להאקונה.

[רמת עומס יומית: 🟡 בינוני - מעבר עם תיק גב].

[בוקר: קום מוקדם יותר, התפלל, אכול. עזיבת הדירה באומורי באזור 08:30 כדי לא לקצר את היום!].

🍽️ פתרון תזונה יומי: בנטו כשר מראש לריוקאן.

🥤 שילוב חלבון: שייק חלבון בבוקר בדירה.

💡 Plan B: במקרה עיכוב/ביטול — המתנה בתחנה/מסוף או חלופה (רכבת/אוטובוס/מונית).

🔍 לסינון: תחבורה","מתחנת Omori קח קו JR Keihin-Tohoku דרומה ל-Yokohama, והחלף לקו המהיר JR Tokaido Line לתחנת Odawara.",טוקיו > האקונה,08:30 - 10:15,שעתיים,,"35 ₪ (~1,900 ¥)",🚶‍♂️ תשלום במקום: באמצעות כרטיס IC בשערי התחנה.,https://www.hakonenavi.jp/international/en/,≈ שעה ו-15 דקות ברכבות,https://www.google.com/maps/dir/?api=1&origin=4-26-7+Chuo+Ota+City+Tokyo&destination=Odawara+Station,,⚠️ שירותים,✓ תיק גב קטן בלבד | ✓ כרטיס IC טעון היטב | ✓ Power Bank וכבל

♨️,08 (שלישי),20/10/2026,Tenzan Onsen (Tenzan Tohji-kyo),ספא ומרחצאות | אונסן,⭐⭐⭐⭐⭐ חובה,"208 Yumotochaya, Hakone, Ashigarashimo District, Kanagawa",הכל (מושלם גם בגשם קל),"אונסן טנזאן האותנטי:

• חוויית טבילה מסורתית במעיינות חמים טבעיים בלב היער.

💡 רחצה באונסן היא בעירום מלא ומופרדת מגדרית. ניתן להשתמש במגבת הקטנה (שמסופקת במקום) לכיסוי אזור החלציים מחוץ למים ולהנחתה בצד בעת הכניסה לבריכה.

[רמת עומס: 🟢 קל]

💡 Plan B: אם עמוס/סגור — קיצור השהייה או מעבר לאזור המנוחה המקורה של המתחם.

🍽️ פתרון תזונה: מכוסה בתכנון היומי — אוכל כשר שהוכן/נרכש מראש או חטיפים מהתיק.

🥤 שילוב חלבון: חטיף/שייק חלבון זמין בתיק — לצריכה לפי הצורך.

🔍 לסינון: מרחצאות / ספא","מתחנת Odawara קח רכבת Hakone Tozan לתחנת Hakone-Yumoto, ומשם אוטובוס מקומי בקו K.",האקונה - יומוטו,10:30 - 12:45,שעתיים ורבע,,"35 ₪ (~1,900 ¥)",🚶‍♂️ תשלום במקום: בקופות במזומן בלבד! (אין הזמנה מראש).,https://tenzan.jp/english/,≈ 30 דקות (רכבת + אוטובוס),https://www.google.com/maps/dir/?api=1&origin=Odawara+Station&destination=Tenzan+Onsen+Hakone,,⚠️ שירותים,✓ מגבת גוף קטנה (אם יש) | ✓ מזומן (חובה!) | ✓ Power Bank וכבל

🗿,08 (שלישי),20/10/2026,Hakone Open-Air Museum,מוזיאון | אמנות בטבע,⭐⭐⭐⭐ מומלץ,"1121 Ninotaira, Hakone, Ashigarashimo District, Kanagawa",☀️ שמש / ☁️ מעונן,"המוזיאון הפתוח בהאקונה (נקי מסמלים דתיים):

• פארק מדהים וירוק רחב ידיים המשלב טבע הררי עם פסלי ענק.

💡 Plan B גשם:
אם יורד גשם כבד, דלג על חלק מהשבילים החיצוניים וכנס ישירות לביתן פיקאסו המקורה.

[רמת עומס: 🟡 בינוני]

🍽️ פתרון תזונה: מכוסה בתכנון היומי — אוכל כשר שהוכן/נרכש מראש או חטיפים מהתיק.

🥤 שילוב חלבון: חטיף/שייק חלבון זמין בתיק — לצריכה לפי הצורך.

🔍 לסינון: מוזיאון / פארק",חזרה קצרה באוטובוס לתחנת Hakone-Yumoto ועליה לרכבת ההרים לתחנת Chokokunomori.,האקונה - מרכז (גורה),13:30 - 15:15,שעה ו-45 דקות,,"40 ₪ (~2,150 ¥)","🚨 מומלץ להזמין מראש: החל מ-13/10/2026 (שבוע מראש) לדילוג על תור המבקרים.
⏰ התראה: קבע/י תזכורת ליום פתיחת ההזמנות 13/10/2026 + תזכורת הכנה יום לפני (12/10/2026) — לוודא אמצעי תשלום, פרטים וזמינות.","רשמי: https://www.hakone-oam.or.jp/en/
Klook: https://www.klook.com/search/result/?query=Hakone%20Open-Air%20Museum
Trip: https://www.trip.com/things-to-do/list?pagetype=city&keyword=Hakone%20Open-Air%20Museum&kwdfrom=srch&ext-searchpage=1
KKday: https://www.kkday.com/en/product/productlist/Hakone%20Open-Air%20Museum
GetYourGuide: https://www.getyourguide.com/s?q=Hakone+Open-Air+Museum
Pelago: https://www.pelago.co/en-US/search/?keyword=Hakone%20Open-Air%20Museum",≈ 45 דקות ברכבת ההרים,https://www.google.com/maps/dir/?api=1&origin=Tenzan+Onsen+Hakone&destination=Hakone+Open-Air+Museum,,⚠️ שירותים,✓ נעלי הליכה נוחות | ✓ Power Bank וכבל

🌋,08 (שלישי),20/10/2026,Owakudani Volcanic Valley,טבע ופארקים | נוף טבעי,⭐⭐⭐⭐⭐ חובה,"Hakone, Kanagawa",☀️ שמש / ☁️ מעונן (ללא ערפל),"העמק הוולקני בהאקונה:

• עצירת חובה באמצע הרכבל! תצפית על פתחי גופרית מעשנים בפסגת ההר, וטעימת 'הביצים השחורות' המפורסמות (שלוקות במעיינות גופרית).

🚨 אזהרת שעות: הרכבל משנה שעות פעילות באוקטובר! הרכבל האחרון עלול לצאת בסביבות 16:45. אל תתעכב כאן מעבר ל-40 הדקות שקצבת לעצמך כדי להספיק בבטחה לרכבל.

💡 שימוש בשקיות זיפלוק/גופיה: השתמש בשקית זיפלוק כדי לאטום את קליפות הביצים השחורות או אשפה עם ריח גופרית חזק, למניעת ריח עז בתיק הגב שלך.

🍽️ פתרון תזונה יומי: טעימת ביצה שחורה (אוכל מקומי) פה, ובערב הבנטו.

🍫 שילוב חלבון: חטיף חלבון באוויר הקר של הפסגה.

[רמת עומס: 🟢 קל]

💡 Plan B גשם: אם יורד גשם כבד — קיצור ההליכה ומעבר למתחם מקורה סמוך.

🔍 לסינון: פארק / טבע / אוכל",ירידה בתחנת האמצע Owakudani של רכבל Hakone Ropeway.,האקונה - הרים,15:15 - 16:00,45 דקות,,כלול ברכבל,🚶‍♂️ אין צורך להזמין מראש: יורדים חופשי מהרכבל.,https://www.japan-guide.com/e/e5203.html,≈ 15 דקות ברכבל,https://www.google.com/maps/dir/?api=1&origin=Sounzan+Station&destination=Owakudani,ערפל,⚠️ שירותים,✓ ז'קט עליון (קר בפסגה) | ✓ מצלמה | ✓ Power Bank וכבל

🚠,08 (שלישי),20/10/2026,Hakone Ropeway / Bus to Togendai,תחבורה | רכבל נופי,⭐⭐⭐⭐⭐ חובה,"1300 Gora, Hakone, Ashigarashimo District, Kanagawa",☀️ שמש (ראות טובה),"רכבל האקונה:

• המשך נסיעה ברכבל תלוי המציע תצפית פנורמית על העמק הגיאותרמי והר פוג'י.

💡 Plan B ערפל כבד/רוח:
אם הרכבל מושבת, קח אוטובוס מקומי (קו H/T) מתחנת גורה ישירות למסוף Togendai.

🍫 שילוב חלבון: חטיף חלבון במהלך תצפית הרכבל.

[רמת עומס: 🟡 בינוני]

🍽️ פתרון תזונה: מכוסה בתכנון היומי — אוכל כשר שהוכן/נרכש מראש או חטיפים מהתיק.

🔍 לסינון: תחבורה / אטרקציה","המשך נסיעה מהתחנה אל עבר Togendai.

[הנחיית רכבל: ❌ כרטיס IC לא תקף ברכבל, רכוש כרטיס בקופה].",האקונה - טוגנדאי,16:00 - 16:45,45 דקות,,"30 ₪ (~1,600 ¥)",🚶‍♂️ תשלום במקום: קופות הרכבל בתחנת המוצא.,https://www.hakonenavi.jp/international/en/,המשך רציף על הרכבל,https://www.google.com/maps/dir/?api=1&origin=Owakudani&destination=Togendai+Station+Hakone,,⚠️ שירותים,✓ מצלמה בשלוף לנוף לפוג'י | ✓ Power Bank וכבל

🍽️,08 (שלישי),20/10/2026,משלוח בנטו כשר לריוקאן,לוגיסטיקה | מזון כשר,⭐⭐⭐⭐⭐ חובה,"1245-725 Sengokuhara, Hakone, Kanagawa 250-0631",הכל (מקורה),"קבלת ארוחת הערב (בנטו כשר מ-Kosher Delica / חב'ד טוקיו).

🚨 המשלוח מגיע בקירור (Ta-Q-Bin Cool) אל פקיד הקבלה בריוקאן.

💡 טיפ חשוב: יומיים לפני ההגעה, שלח הודעה לריוקאן באפליקציית Booking ויידע אותם שמגיעה חבילה בקירור על שמך ושאתה מבקש שישמרו במקרר עד שתגיע.

[רמת עומס: 🟡 בינוני]

💡 Plan B: אם הדלפק סגור/עמוס — ביצוע הפעולה בקומביני או דלפק חלופי סמוך.

🍽️ פתרון תזונה: מכוסה בתכנון היומי — אוכל כשר שהוכן/נרכש מראש או חטיפים מהתיק.

🥤 שילוב חלבון: חטיף/שייק חלבון זמין בתיק — לצריכה לפי הצורך.

🔍 לסינון: לוגיסטיקה / אוכל",משלוח קירור עד הריוקאן,האקונה - סנגוקוהרה,17:00 - 17:15,15 דקות,,"כ-130 ₪ (~7000 ¥)","🚨 חובה להזמין מראש: שבועיים מראש באתר Kosher Delica! חובה להזין את הכתובת של Chojuyu Hakone ואת תאריך ההגעה (20/10/2026).
⏰ התראה: קבע/י תזכורת ליום פתיחת ההזמנות 20/10/2026 + תזכורת הכנה יום לפני (19/10/2026) — לוודא אמצעי תשלום, פרטים וזמינות.",https://kosherdelica.com,אין צורך בנסיעה (משלוח לריוקאן),אין צורך בניווט,,⚠️ קירור זמין בקבלה,✓ ביצוע ההזמנה מראש באינטרנט | ✓ Power Bank וכבל

🏨,08 (שלישי),20/10/2026,🏨 Chojuyu Hakone (Ryokan),לינה | ריוקאן (אונסן),⭐⭐⭐⭐⭐ חובה,"1245-725 Sengokuhara, Hakone, Kanagawa 250-0631",הכל (מקורה),"לינה בריוקאן מסורתי (Chojuyu):

• חוויית לינה אותנטית על מחצלות טאטאמי ומרחצאות. הגעה בטוחה לפני סגירת הקבלה (19:00).

💡 מאחר ואין מטבח לבישול בריוקאן, ארוחת הערב שלך תהיה קופסאות הבנטו שהזמנת מראש.

[רמת עומס: 🟢 קל]

💡 Plan B: אין צורך — זו נקודת לינה/מנוחה קבועה שכבר הוזמנה.

🍽️ פתרון תזונה: ארוחת ערב/בוקר בהכנה עצמאית בדירה או שאריות מהיום.

🥤 שילוב חלבון: חטיף/שייק חלבון זמין בתיק — לצריכה לפי הצורך.

🔍 לסינון: לינה / מרחצאות",ממסוף הרכבל Togendai קח אוטובוס מקומי בקו T צפונה ישירות לרובע Sengokuhara.,האקונה - סנגוקוהרה,17:15 ואילך,לינה,,220.96 ₪,✅ כבר הוזמן ושולם (72.24$). צ'ק אין מ-15:00.,"רשמי: https://www.booking.com/
Klook: https://www.klook.com/search/result/?query=Chojuyu%20Hakone
Trip: https://www.trip.com/things-to-do/list?pagetype=city&keyword=Chojuyu%20Hakone&kwdfrom=srch&ext-searchpage=1
KKday: https://www.kkday.com/en/product/productlist/Chojuyu%20Hakone
GetYourGuide: https://www.getyourguide.com/s?q=Chojuyu+Hakone
Pelago: https://www.pelago.co/en-US/search/?keyword=Chojuyu%20Hakone",≈ 20 דקות באוטובוס,https://www.google.com/maps/dir/?api=1&origin=Togendai+Station+Hakone&destination=1245-725+Sengokuhara+Hakone,,⚠️ שירותים,✓ דרכון לצ'ק אין | ✓ Power Bank וכבל




🚌,09 (רביעי),21/10/2026,Hakone Tozan Bus,תחבורה | אוטובוס,⭐⭐⭐⭐⭐ חובה,"164 Moto-Hakone, Hakone, Ashigarashimo District, Kanagawa",הכל,"עזיבת הריוקאן בבוקר ונסיעה למזח השייט בטוגנדאי. (המסלול תוקן גיאוגרפית!).

[רמת עומס יומית: 🔴 קשה - יום מעבר ארוך ודינמי אל נאגויה].

[בוקר רגוע: קום, התפלל, אכול קלות, וצא ב-09:15 מהריוקאן].

🍽️ פתרון תזונה יומי: הצטיידות בסופרמרקט בנאגויה לערב בקפסולה.

🥤 שילוב חלבון: שייק חלבון בערב בקפסולה כהשלמה.

💡 Plan B: במקרה עיכוב/ביטול — המתנה בתחנה/מסוף או חלופה (רכבת/אוטובוס/מונית).

🔍 לסינון: תחבורה","תחנת אוטובוס מחוץ לפתח הריוקאן, עליה על קו האוטובוס המקומי T ישירות אל מסוף Togendai.",האקונה,09:15 - 09:30,15 דקות,,10 ₪ (~550 ¥),🚶‍♂️ תשלום במקום (באמצעות כרטיס IC).,https://www.hakonenavi.jp/international/en/,≈ 15 דקות באוטובוס,https://www.google.com/maps/dir/?api=1&origin=1245-725+Sengokuhara+Hakone&destination=Togendai+Port,,⚠️ שירותים,✓ ארגון התיק הקטן מראש לעזיבה מהירה | ✓ Power Bank וכבל

⛴️,09 (רביעי),21/10/2026,Hakone Sightseeing Cruise,אטרקציה | שייט נופי,⭐⭐⭐⭐ מומלץ,"164 Moto-Hakone, Hakone, Ashigarashimo District, Kanagawa",☀️ שמש / ☁️ מעונן,"שייט בספינת הפיראטים באגם אשי:

• שייט כיוון אחד ממסוף טוגנדאי אל מוטו-האקונה. מאפשר לך לנחות בדיוק במסוף שממנו יוצא האוטובוס הבא!

💡 Plan B ערפל כבד:
אם השייט מושבת, קח אוטובוס ישיר קו H מסביב לאגם.

[רמת עומס: 🟡 בינוני]

🍽️ פתרון תזונה: מכוסה בתכנון היומי — אוכל כשר שהוכן/נרכש מראש או חטיפים מהתיק.

🥤 שילוב חלבון: חטיף/שייק חלבון זמין בתיק — לצריכה לפי הצורך.

🔍 לסינון: תחבורה / אטרקציה","הספינה יוצאת ישירות ממזח Togendai Pier לכיוון Moto-Hakone.

[הנחיית שייט: ❌ כרטיס IC לא תקף, רכוש כרטיס בקופה].",האקונה - אגם אשי,09:45 - 10:25,40 דקות,,"30 ₪ (~1,600 ¥)","🚨 מומלץ להזמין מראש: החל מ-07/10/2026 (שבועיים מראש) להבטחת המקום ולהימנעות מתורים.
⏰ התראה: קבע/י תזכורת ליום פתיחת ההזמנות 07/10/2026 + תזכורת הכנה יום לפני (06/10/2026) — לוודא אמצעי תשלום, פרטים וזמינות.","רשמי: https://www.hakone-kankosen.co.jp/foreign/en/
Klook: https://www.klook.com/search/result/?query=Hakone%20Sightseeing%20Cruise
Trip: https://www.trip.com/things-to-do/list?pagetype=city&keyword=Hakone%20Sightseeing%20Cruise&kwdfrom=srch&ext-searchpage=1
KKday: https://www.kkday.com/en/product/productlist/Hakone%20Sightseeing%20Cruise
GetYourGuide: https://www.getyourguide.com/s?q=Hakone+Sightseeing+Cruise
Pelago: https://www.pelago.co/en-US/search/?keyword=Hakone%20Sightseeing%20Cruise",הגעה ישירה לאותו מתחם (0 דקות),https://www.google.com/maps/dir/?api=1&origin=Togendai+Port&destination=Moto-Hakone+Port,גשם,⚠️ שירותים,✓ שובר Klook זמין באפליקציה | ✓ Power Bank וכבל

🚌,09 (רביעי),21/10/2026,Tokai Bus to Mishima,תחבורה | אוטובוס,⭐⭐⭐⭐⭐ חובה,"6-40 Moto-Hakone, Hakone, Ashigarashimo District, Kanagawa",הכל,"נסיעה בינארונית מהאקונה:

• אוטובוס מהיר מאזור אגם אשי לחבל מישימה לטובת מעבר לתחנת הרכבת המהירה. אתה עולה עליו מיד לאחר הירידה מהספינה (יש לך מרווח נשימה של 45 דק' לקפה והתרעננות במוטו-האקונה).

[רמת עומס: 🟡 בינוני]

💡 Plan B: במקרה עיכוב/ביטול — המתנה בתחנה/מסוף או חלופה (רכבת/אוטובוס/מונית).

🍽️ פתרון תזונה: מכוסה בתכנון היומי — אוכל כשר שהוכן/נרכש מראש או חטיפים מהתיק.

🥤 שילוב חלבון: חטיף/שייק חלבון זמין בתיק — לצריכה לפי הצורך.

🔍 לסינון: תחבורה","האוטובוס ממתין במסוף האוטובוסים של Tokai Bus ב-Moto-Hakone.

[הנחיית אוטובוס: ✅ כרטיס IC תופס].",האקונה > מישימה,11:15 - 11:45,30 דקות,,"25 ₪ (~1,350 ¥)",🚶‍♂️ תשלום במקום: בהצמדת כרטיס IC ביציאה מהאוטובוס.,https://www.hakonenavi.jp/international/en/,≈ 40 דקות באוטובוס,https://www.google.com/maps/dir/?api=1&origin=Moto-Hakone+Port&destination=Mishima+Skywalk,,⚠️ שירותים,✓ כרטיס IC | ✓ Power Bank וכבל

🌉,09 (רביעי),21/10/2026,Mishima Skywalk,טבע ופארקים | אטרקציית נוף,⭐⭐⭐⭐ מומלץ,"313 Sasahara Shinden, Mishima, Shizuoka 411-0012",☀️ שמש / ☁️ מעונן (ללא רוח),"מישימה סקיי-ווק:

• חציית גשר הולכי הרגל התלוי הארוך ביותר ביפן באוויר הפתוח.

💡 Plan B רוח סוערת:
אם הגשר נסגר מטעמי בטיחות, הגיבוי הוא כניסה למשחקי הוידאו במתחם החממות המקורה Sky Garden.

[רמת עומס: 🟢 קל]

🍽️ פתרון תזונה: מכוסה בתכנון היומי — אוכל כשר שהוכן/נרכש מראש או חטיפים מהתיק.

🥤 שילוב חלבון: חטיף/שייק חלבון זמין בתיק — לצריכה לפי הצורך.

🔍 לסינון: פארק / אטרקציה",האוטובוס הבינארוני שקחת עוצר בדיוק בתחנה הייעודית בכניסה הראשית לפארק.,מישימה,11:45 - 12:45,שעה,,"25 ₪ (~1,350 ¥)",🚶‍♂️ אין צורך להזמין מראש. כרטיס נרכש בקופות.,"רשמי: https://mishima-skywalk.jp/en/
Klook: https://www.klook.com/search/result/?query=Mishima%20Skywalk
Trip: https://www.trip.com/things-to-do/list?pagetype=city&keyword=Mishima%20Skywalk&kwdfrom=srch&ext-searchpage=1
KKday: https://www.kkday.com/en/product/productlist/Mishima%20Skywalk
GetYourGuide: https://www.getyourguide.com/s?q=Mishima+Skywalk
Pelago: https://www.pelago.co/en-US/search/?keyword=Mishima%20Skywalk",ירידה ישירות בכניסה לפארק,https://www.google.com/maps/dir/?api=1&origin=Moto-Hakone+Port&destination=Mishima+Skywalk,,⚠️ שירותים,✓ בגדים לרוח צד (מעיל קל אם צריך) | ✓ Power Bank וכבל

🧗,09 (רביעי),21/10/2026,Forest Adventure Mishima Skywalk,אטרקציה | פארק אקסטרים,⭐⭐⭐⭐⭐ חובה,"313 Sasahara Shinden, Mishima, Shizuoka 411-0012",☀️ שמש / ☁️ מעונן,"פארק אקסטרים בחורש הטבעי:

• פארק חבלים, טיפוס צמרות ואומגות אקסטרים (Zip-line)!

[סיום מוגדר ב-15:00 בדיוק למניעת לחץ זמנים].

🍫 שילוב חלבון: אכילת חטיף חלבון להחזרת אנרגיה בפארק האקסטרים!

[רמת עומס: 🔴 גבוה]

💡 Plan B מזג אוויר/עומס: אם המתקן סגור (גשם/רוח) — מעבר למתקן מקורה סמוך או קיצור הביקור.

🍽️ פתרון תזונה: מכוסה בתכנון היומי — אוכל כשר שהוכן/נרכש מראש או חטיפים מהתיק.

🔍 לסינון: פארק שעשועים / אקסטרים","נמצא בתוך המתחם הפנימי של ה-Skywalk, מעבר רגלי קצר לאחר חציית הגשר.",מישימה,12:45 - 15:00,שעתיים ורבע,,"95 ₪ (~5,100 ¥)","🚨 חובה להזמין מראש: החל מ-07/10/2026 (שבועיים מראש) באתר הרשמי.
⏰ התראה: קבע/י תזכורת ליום פתיחת ההזמנות 07/10/2026 + תזכורת הכנה יום לפני (06/10/2026) — לוודא אמצעי תשלום, פרטים וזמינות.","רשמי: https://fa-mishima.foret-aventure.jp/eng/
Klook: https://www.klook.com/search/result/?query=Forest%20Adventure%20Mishima%20Skywalk
Trip: https://www.trip.com/things-to-do/list?pagetype=city&keyword=Forest%20Adventure%20Mishima%20Skywalk&kwdfrom=srch&ext-searchpage=1
KKday: https://www.kkday.com/en/product/productlist/Forest%20Adventure%20Mishima%20Skywalk
GetYourGuide: https://www.getyourguide.com/s?q=Forest+Adventure+Mishima+Skywalk
Pelago: https://www.pelago.co/en-US/search/?keyword=Forest%20Adventure%20Mishima%20Skywalk",≈ 10 דקות הליכה פנימית,https://www.google.com/maps/dir/?api=1&origin=Mishima+Skywalk&destination=Forest+Adventure+Mishima+Skywalk,,⚠️ שירותים,✓ נעלי ספורט סגורות (חובה לאקסטרים!) | ✓ בגדי ספורט | ✓ Power Bank וכבל

🚌,09 (רביעי),21/10/2026,Bus to Mishima Station,תחבורה | אוטובוס,⭐⭐⭐⭐⭐ חובה,"16-1 Ichibancho, Mishima, Shizuoka 411-0036",הכל,"נסיעה לתחנת רכבת:

• אוטובוס מקומי קצר מפארק האקסטרים אל תחנת הרכבת המרכזית של מישימה.

[רמת עומס: 🟡 בינוני]

💡 Plan B: במקרה עיכוב/ביטול — המתנה בתחנה/מסוף או חלופה (רכבת/אוטובוס/מונית).

🍽️ פתרון תזונה: מכוסה בתכנון היומי — אוכל כשר שהוכן/נרכש מראש או חטיפים מהתיק.

🥤 שילוב חלבון: חטיף/שייק חלבון זמין בתיק — לצריכה לפי הצורך.

🔍 לסינון: תחבורה","עליה על אוטובוס של Tokai Bus ברציף היציאה של הפארק לכיוון Mishima Station.

[הנחיית אוטובוס: ✅ כרטיס IC].",מישימה,15:15 - 15:45,30 דקות,,15 ₪ (~800 ¥),🚶‍♂️ תשלום במקום (כרטיס IC).,https://www.tokaibus.jp/,≈ 35 דקות נסיעה באוטובוס,https://www.google.com/maps/dir/?api=1&origin=Forest+Adventure+Mishima+Skywalk&destination=Mishima+Station,,⚠️ לוקרים | ⚠️ שירותים,✓ כרטיס IC | ✓ Power Bank וכבל

🚄,09 (רביעי),21/10/2026,Mishima Station (Shinkansen),תחבורה | שינקנסן,⭐⭐⭐⭐⭐ חובה,"16-1 Ichibancho, Mishima, Shizuoka 411-0036",הכל,"נסיעת שינקנסן מישימה לנאגויה:

• עלייה על רכבת הקליע המהירה. [מרווח ביטחון מעולה של 45 דקות בתחנה].

🚨 חוק שינקנסן: בחר באפליקציה מושב בצד ימין (מושב E) ליהנות מנוף ישיר להר פוג'י!

[רמת עומס: 🟡 בינוני]

💡 Plan B: במקרה עיכוב/ביטול — המתנה בתחנה/מסוף או חלופה (רכבת/אוטובוס/מונית).

🍽️ פתרון תזונה: מכוסה בתכנון היומי — אוכל כשר שהוכן/נרכש מראש או חטיפים מהתיק.

🥤 שילוב חלבון: חטיף/שייק חלבון זמין בתיק — לצריכה לפי הצורך.

🔍 לסינון: תחבורה","עליה לרציף השינקנסן (רכבת Kodama או Hikari).

[הנחיית רכבת: ❌ כרטיס IC לא תופס! חובה קוד QR מאפליקציית SmartEX].",מישימה > נאגויה,16:30 - 18:15,שעה ו-45 דקות,,"205 ₪ (~11,000 ¥)","🚨 חובה להזמין מראש: ההרשמה נפתחת בדיוק 30 יום מראש בשעה 10:00 בבוקר שעון יפן. זה יוצא בדיוק בתאריך 21/09/2026 בשעה 04:00 לפנות בוקר שעון ישראל! תשים שעון ושריין מושב E (צד ימין להר פוג'י).
⏰ התראה: קבע/י תזכורת ליום פתיחת ההזמנות 21/09/2026 + תזכורת הכנה יום לפני (20/09/2026) — לוודא אמצעי תשלום, פרטים וזמינות.",רשמי: https://smart-ex.jp/en/,≈ 105 דקות נסיעה מהירה,https://www.google.com/maps/dir/?api=1&origin=Mishima+Station&destination=Nagoya+Station,,⚠️ לוקרים | ⚠️ שירותים,✓ קוד QR מוכן בסמארטפון (SmartEX) | ✓ Power Bank וכבל

🏠,09 (רביעי),21/10/2026,🏠 9h nine hours Nagoya (Capsule),לינה | מלון קפסולות,⭐⭐⭐⭐⭐ חובה,"2 Chome-42-2 Meieki, Nakamura Ward, Nagoya, Aichi",הכל (מקורה),"מלון קפסולות עתידני (9h nine hours):

• הגעה מוקדמת ובטוחה למלון. חוויית לינה טכנולוגית (לגברים בלבד).
• כאן אין מטבח. ניתן לצרוך מזון מוכן או יבש מהסופרמרקט לארוחת ערב מהירה.

[רמת עומס: 🟢 קל]

💡 Plan B: אין צורך — זו נקודת לינה/מנוחה קבועה שכבר הוזמנה.

🍽️ פתרון תזונה: ארוחת ערב/בוקר בהכנה עצמאית בדירה או שאריות מהיום.

🥤 שילוב חלבון: חטיף/שייק חלבון זמין בתיק — לצריכה לפי הצורך.

🔍 לסינון: לינה","ירידה בתחנת Nagoya, והליכה רגלית קצרה של כ-6 דקות למלון.

[יציאה מומלצת: תחנת Nagoya - Sakura-dori Exit]",נאגויה,18:30 ואילך,לינה,,"67.29 ₪ (~3,645 ¥)",✅ כבר הוזמן. (צ'ק-אאוט עצמי מחר).,"רשמי: https://www.booking.com/
Klook: https://www.klook.com/search/result/?query=9h%20nine%20hours%20Nagoya
Trip: https://www.trip.com/things-to-do/list?pagetype=city&keyword=9h%20nine%20hours%20Nagoya&kwdfrom=srch&ext-searchpage=1
KKday: https://www.kkday.com/en/product/productlist/9h%20nine%20hours%20Nagoya
GetYourGuide: https://www.getyourguide.com/s?q=9h+nine+hours+Nagoya
Pelago: https://www.pelago.co/en-US/search/?keyword=9h%20nine%20hours%20Nagoya",≈ 6 דקות הליכה,https://www.google.com/maps/dir/?api=1&origin=Nagoya+Station&destination=9h+nine+hours+Nagoya,,⚠️ שירותים,✓ בגדים לשינה | ✓ ציוד רחצה קל (אם כי רובו מסופק בקפסולה) | ✓ Power Bank וכבל




🚄,10 (חמישי),22/10/2026,Nagoya Station to Kyoto Station,תחבורה | שינקנסן,⭐⭐⭐⭐⭐ חובה,"1-1-4 Meieki, Nakamura Ward, Nagoya, Aichi",הכל,"מעבר מהיר לקיוטו:

• עזיבת נאגויה על הבוקר ברכבת המהירה כדי לפתוח יום מלא בעיר התרבות. קח איתך את תיק הגב, הוא יכיל את הדברים החשובים והאוכל הזמין שלך!

[רמת עומס יומית: 🟡 בינוני/קשה - יום ריצה עירוני].

[לו""ז בוקר קריטי (אפס סיכונים!):
- 07:15 השכמה והתארגנות.
- 07:55 עזיבת הקפסולה (Check-out) והליכה לתחנה.
- 08:05 הגעה לתחנת נאגויה (מרווח נשימה בטוח של 40 דק' לניווט בתחנה, קניית קפה ומציאת הרציף).
- 08:45 יציאת רכבת השינקנסן!]

🍽️ פתרון תזונה יומי: בנטו כשר מראש לערב דרך חב'ד קיוטו.

🍫 שילוב חלבון: חטיף חלבון ברכבת השינקנסן.

💡 Plan B: במקרה עיכוב/ביטול — המתנה בתחנה/מסוף או חלופה (רכבת/אוטובוס/מונית).

🔍 לסינון: תחבורה","חזרה רגלית לתחנת Nagoya, ועליה על קו Tokaido Shinkansen לכיוון מערב.

[הנחיית רכבת: ❌ חובה כרטיס שינקנסן מוזמן מראש ב-SmartEX].",נאגויה > קיוטו,07:55 - 09:30,שעה ו-35 דקות (כולל הגעה לתחנה),,"105 ₪ (~5,600 ¥)","🚨 חובה להזמין מראש: ההרשמה נפתחת ב-22/09/2026 בשעה 04:00 לפנות בוקר שעון ישראל (10:00 שעון יפן).
⏰ התראה: קבע/י תזכורת ליום פתיחת ההזמנות 22/09/2026 + תזכורת הכנה יום לפני (21/09/2026) — לוודא אמצעי תשלום, פרטים וזמינות.",רשמי: https://smart-ex.jp/en/,≈ 40 דקות נסיעה,https://www.google.com/maps/dir/?api=1&origin=9h+nine+hours+Nagoya&destination=Kyoto+Station,,⚠️ לוקרים | ⚠️ שירותים,✓ קוד QR לשינקנסן | ✓ Power Bank וכבל

🏯,10 (חמישי),22/10/2026,Nijo Castle,תרבות והיסטוריה | טירה מסורתית,⭐⭐⭐⭐ מומלץ,"541 Nijojocho, Nakagyo Ward, Kyoto 604-8301",הכל (רובו מקורה),"טירת ניג'ו ההיסטורית (חילונית לחלוטין):

• טירתו העתיקה של השוגון הגדול. סיור מדהים וצעידה על 'רצפות הזמיר' המיוחדות.

💡 Plan B גשם:
מושלם, רוב הסיור בתוך מבני העץ המקורים.

[רמת עומס: 🟡 בינוני]

🍽️ פתרון תזונה: מכוסה בתכנון היומי — אוכל כשר שהוכן/נרכש מראש או חטיפים מהתיק.

🥤 שילוב חלבון: חטיף/שייק חלבון זמין בתיק — לצריכה לפי הצורך.

🔍 לסינון: מקדש / ארמון / היסטוריה","מתחנת קיוטו קח את קו הרכבת התחתית Karasuma לתחנת Karasuma Oike, והחלף ל-Tozai Line לתחנת Nijojo-mae.

[יציאה מומלצת: יציאה 1 - מול שער הטירה]",קיוטו - מרכז,10:45 - 12:15,שעה וחצי,,"30 ₪ (~1,600 ¥)","🚨 מומלץ להזמין מראש: החל מ-15/10/2026 (שבוע מראש) להבטחת המעבר המהיר בתור.
⏰ התראה: קבע/י תזכורת ליום פתיחת ההזמנות 15/10/2026 + תזכורת הכנה יום לפני (14/10/2026) — לוודא אמצעי תשלום, פרטים וזמינות.","רשמי: https://nijo-jocastle.city.kyoto.lg.jp/
Klook: https://www.klook.com/search/result/?query=Nijo%20Castle
Trip: https://www.trip.com/things-to-do/list?pagetype=city&keyword=Nijo%20Castle&kwdfrom=srch&ext-searchpage=1
KKday: https://www.kkday.com/en/product/productlist/Nijo%20Castle
GetYourGuide: https://www.getyourguide.com/s?q=Nijo+Castle
Pelago: https://www.pelago.co/en-US/search/?keyword=Nijo%20Castle",≈ 20 דקות בתחתית,https://www.google.com/maps/dir/?api=1&origin=Kyoto+Station&destination=Nijo+Castle,,⚠️ שירותים,✓ משקפי שמש | ✓ נעליים נוחות להליכה | ✓ Power Bank וכבל

🍽️,10 (חמישי),22/10/2026,Nishiki Market & Teramachi,קניות | שוק אוכל,⭐⭐⭐⭐ מומלץ,"Nakagyo Ward, Kyoto 604-8055",הכל (מקורה),"שוק נישיקי ומדרחוב Teramachi:

• סיור צהריים תוסס בשוק האוכל והמדרחובים המקורים של קיוטו (חילוני לחלוטין).

💡 שימוש בשקיות זיפלוק/גופיה: חובה לפתוח שקית זיפלוק אחת בתיק שתשמש כפח אשפה נייד עבור שיפודים ועטיפות, שכן אין פחי אשפה ציבוריים ביפן והשוק קפדני מאוד בנושא.

[רמת עומס: 🟡 בינוני]

💡 Plan B גשם: השוק מקורה ברובו; אם עמוס — קיצור הסיבוב וקנייה ממוקדת.

🍽️ פתרון תזונה: מכוסה בתכנון היומי — אוכל כשר שהוכן/נרכש מראש או חטיפים מהתיק.

🥤 שילוב חלבון: חטיף/שייק חלבון זמין בתיק — לצריכה לפי הצורך.

🔍 לסינון: קניות / שוק / אוכל","קח רכבת תחתית מתחנת Nijo חזרה למרכז העיר, ירידה ב-Karasuma Oike או Shijo.

[יציאה מומלצת: תחנת Shijo יציאה 1]",קיוטו - מרכז,12:45 - 14:00,שעה ורבע,,"כניסה: 0₪ | קניות (אופציונלי): כ-92 ₪ (~5,000 ¥)",🚶‍♂️ אין צורך להזמין מראש: כניסה חופשית.,https://www.japan-guide.com/e/e3959.html,≈ 15 דקות ברכבת וקצת הליכה,https://www.google.com/maps/dir/?api=1&origin=Nijo+Castle&destination=Nishiki+Market+Kyoto,,⚠️ שירותים,✓ מזומן דק לקניות קטנות ודוכנים | ✓ Power Bank וכבל

🍄,10 (חמישי),22/10/2026,Nintendo Kyoto (Takashimaya T8),קניות | גיימינג ותרבות פופ,⭐⭐⭐⭐⭐ חובה,"8002 Otabicho, Shimogyo Ward, Kyoto",הכל (מקורה),"חנות הדגל הענקית והחדשה של נינטנדו (בקניון טקאשימאיה):

• המזוודה שלך כבר נשלחה להוסטל ממילא ביום 7, אז תמשיך להנות מהעיר עם תיק הגב איתך.
• חוויית גיימינג מטורפת, קונסולות ומרצ'נדייז רשמי.

[רמת עומס: 🟡 בינוני]

💡 Plan B: אם עמוס/סגור — מעבר לחנות/קומביני סמוך או קיצור הביקור.

🍽️ פתרון תזונה: מכוסה בתכנון היומי — אוכל כשר שהוכן/נרכש מראש או חטיפים מהתיק.

🥤 שילוב חלבון: חטיף/שייק חלבון זמין בתיק — לצריכה לפי הצורך.

🔍 לסינון: קניות / אטרקציה","צמוד לשוק נישיקי, הליכה של 2 דקות לקניון Takashimaya,קומה 7.",קיוטו - מרכז,14:00 - 14:50,50 דקות וחצי,,"כניסה: 0₪ | קניות (אופציונלי): כ-185 ₪ (~10,000 ¥) אם קונה משהו",🚶‍♂️ אין צורך להזמין מראש: כניסה חופשית לחנות.,https://www.nintendo.com/jp/officialstore/,≈ 5 דקות הליכה משוק נישיקי,https://www.google.com/maps/dir/?api=1&origin=Nishiki+Market+Kyoto&destination=Nintendo+Kyoto+Store,,⚠️ שירותים,✓ כרטיס אשראי (למרצ'נדייז) | ✓ Power Bank וכבל

🌳,10 (חמישי),22/10/2026,Kyoto Botanical Gardens,טבע ופארקים | גן בוטני,⭐⭐⭐ אם יש זמן,"Shimogamo Hangi-cho, Sakyo-ku, Kyoto (צפון קיוטו, ליד Kitayama Station Exit 3)",☀️ שמש / ☁️ מעונן,"הגנים הבוטניים של קיוטו (חילוניים):

• סיור של אחר הצהריים בין חממות צמחיות ענקיות ושבילי שלכת שלווים.

⚠️ שים לב: הגנים נסגרים ב-17:00 (כניסה עד 16:00). יום מאוד צפוף - אם אתה חורג מהזמן בנינטנדו, דלג ישר למגדל קיוטו.

[רמת עומס: 🟢 קל]

💡 Plan B גשם: אם יורד גשם כבד — קיצור ההליכה ומעבר למתחם מקורה סמוך.

🍽️ פתרון תזונה: מכוסה בתכנון היומי — אוכל כשר שהוכן/נרכש מראש או חטיפים מהתיק.

🥤 שילוב חלבון: חטיף/שייק חלבון זמין בתיק — לצריכה לפי הצורך.

🔍 לסינון: פארק / טבע","עליה על קו תחתית Karasuma Line מהשוק צפונה לתחנת Kitayama.

[יציאה מומלצת: יציאה 3 - כניסה ישירה לגנים]",קיוטו - צפון,15:20 - 16:35,שעה ורבע,נסגר 17:00 (כניסה אחרונה 16:00),15 ₪ (~800 ¥),🚶‍♂️ קניית כרטיס כניסה זול בקופות הפיזיות במקום.,https://www.pref.kyoto.jp/plant/,≈ 30 דקות בתחתית,https://www.google.com/maps/dir/?api=1&origin=Nintendo+Kyoto+Store&destination=Kyoto+Botanical+Gardens,,⚠️ שירותים,✓ מים לסיור הרגלי | ✓ Power Bank וכבל

✨,10 (חמישי),22/10/2026,Kyoto Station Grand Stairway & Tower,אטרקציה עירונית | תצפית,⭐⭐⭐⭐ מומלץ,"Kyoto Station, Kyoto, Japan",🌃 לילה,"קומפלקס תחנת קיוטו:

• עלייה בגרם המדרגות העצום והמואר במופע LED (חינם), ועלייה לתצפית מגדל קיוטו.

[רמת עומס: 🟡 בינוני]

💡 Plan B גשם/ערפל: אם הגג/מרפסת סגורים — התצפית מתבצעת מהקומה המקורה בבטחה.

🍽️ פתרון תזונה: מכוסה בתכנון היומי — אוכל כשר שהוכן/נרכש מראש או חטיפים מהתיק.

🥤 שילוב חלבון: חטיף/שייק חלבון זמין בתיק — לצריכה לפי הצורך.

🔍 לסינון: תצפית / אטרקציה","קו תחתית Karasuma דרומה אל תחנת Kyoto Station.

[יציאה מומלצת: Central Exit]",קיוטו - מרכז,18:00 - 19:30,שעה וחצי,,"25 ₪ (למגדל) (~1,350 ¥)","🚨 מומלץ להזמין מראש: החל מ-08/10/2026 (שבועיים מראש) כדי לדלג על הקופה.
⏰ התראה: קבע/י תזכורת ליום פתיחת ההזמנות 08/10/2026 + תזכורת הכנה יום לפני (07/10/2026) — לוודא אמצעי תשלום, פרטים וזמינות.","רשמי: https://www.kyoto-tower.jp/en/
Klook: https://www.klook.com/search/result/?query=Kyoto%20Tower
Trip: https://www.trip.com/things-to-do/list?pagetype=city&keyword=Kyoto%20Tower&kwdfrom=srch&ext-searchpage=1
KKday: https://www.kkday.com/en/product/productlist/Kyoto%20Tower
GetYourGuide: https://www.getyourguide.com/s?q=Kyoto+Tower
Pelago: https://www.pelago.co/en-US/search/?keyword=Kyoto%20Tower",≈ 25 דקות בתחתית,https://www.google.com/maps/dir/?api=1&origin=Kyoto+Botanical+Gardens&destination=Kyoto+Station,,⚠️ שירותים,✓ Power Bank וכבל

🍽️,10 (חמישי),22/10/2026,הזמנת בנטו כשר (חב'ד קיוטו),לוגיסטיקה | מזון כשר,⭐⭐⭐⭐⭐ חובה,"427 Rinkacho, Higashiyama Ward, Kyoto 605-0062",הכל (מקורה),"מארז אוכל וארוחת ערב כשרה (Bento) מבית חב'ד קיוטו.

מאחר ואתה מגיע מאוחר אחרי יום עמוס, האוכל יהיה מוכן עבורך בהוסטל או לאיסוף מהיר מבית חב'ד.

💡 חלופה: בישול עצמאי ממוצרי סופר במטבח המשותף של ההוסטל.

[רמת עומס: 🟡 בינוני]

💡 Plan B: אם הדלפק סגור/עמוס — ביצוע הפעולה בקומביני או דלפק חלופי סמוך.

🍽️ פתרון תזונה: מכוסה בתכנון היומי — אוכל כשר שהוכן/נרכש מראש או חטיפים מהתיק.

🥤 שילוב חלבון: חטיף/שייק חלבון זמין בתיק — לצריכה לפי הצורך.

🔍 לסינון: לוגיסטיקה / אוכל",תיאום מול חב'ד לאיסוף/משלוח,קיוטו - גיון,20:00 - 20:15,15 דקות,,"כ-130 ₪ (~7000 ¥)","🚨 חובה להזמין מראש: שבוע מראש מול בית חב'ד קיוטו (באתר או בוואטסאפ). ציין תאריך מדויק (22/10).
⏰ התראה: קבע/י תזכורת ליום פתיחת ההזמנות 22/10/2026 + תזכורת הכנה יום לפני (21/10/2026) — לוודא אמצעי תשלום, פרטים וזמינות.",https://chabad.jp,אין צורך בנסיעה (איסוף/משלוח),אין צורך בניווט,,⚠️ מקרר,✓ תיאום שבוע מראש | ✓ Power Bank וכבל

🏠,10 (חמישי),22/10/2026,🏠 Hostel Gion SORA (Kyoto),לינה | הוסטל,⭐⭐⭐⭐⭐ חובה,"427 Rinkacho, Higashiyama Ward, Kyoto 605-0062",הכל (מקורה),"הגעה בטוחה להוסטל בסיום היום:

• ביצוע צ'ק-אין מלא, קבלת מפתח לחדר, פריקת מזוודה (שחיכתה לך!) ומנוחה.

💡 ארוחת ערב תמתין לך בהתאם להזמנה מבית חב'ד, או בישול עצמאי במטבח המשותף.

[רמת עומס: 🟢 קל]

💡 Plan B: אין צורך — זו נקודת לינה/מנוחה קבועה שכבר הוזמנה.

🍽️ פתרון תזונה: ארוחת ערב/בוקר בהכנה עצמאית בדירה או שאריות מהיום.

🥤 שילוב חלבון: חטיף/שייק חלבון זמין בתיק — לצריכה לפי הצורך.

🔍 לסינון: לינה",אוטובוס עירוני (206 או 86) או מונית מתחנת קיוטו חזרה לגיון.,קיוטו - גיון,20:15 - 08:30,לינה,,"590.32 ₪ (~31,320 ¥)",✅ כבר הוזמן (צ'ק-אין מלא וקבלת חדר).,"רשמי: https://www.booking.com/
Klook: https://www.klook.com/search/result/?query=Hostel%20Gion%20SORA
Trip: https://www.trip.com/things-to-do/list?pagetype=city&keyword=Hostel%20Gion%20SORA&kwdfrom=srch&ext-searchpage=1
KKday: https://www.kkday.com/en/product/productlist/Hostel%20Gion%20SORA
GetYourGuide: https://www.getyourguide.com/s?q=Hostel+Gion+SORA
Pelago: https://www.pelago.co/en-US/search/?keyword=Hostel%20Gion%20SORA",≈ 25 דקות באוטובוס,https://www.google.com/maps/dir/?api=1&origin=Kyoto+Station&destination=427+Rinkacho+Kyoto,,⚠️ שירותים,✓ קבלת מפתח חדר | ✓ Power Bank וכבל




🌳,11 (שישי),23/10/2026,Kyoto Gyoen National Garden,טבע ופארקים | גנים היסטוריים,⭐⭐⭐ אם יש זמן,"3 Kyotogyoen, Kamigyo Ward, Kyoto",☀️ שמש / ☁️ מעונן,"גני הארמון הקיסרי בקיוטו (חילוניים):

• פארק ציבורי היסטורי עצום. מושלם להליכת בוקר בריאה באוויר הצח.

[רמת עומס יומית: 🟢 קל - התארגנות מוקדמת לשבת].

[בוקר רגוע: קום מוקדם, התפלל, ארוחה בהוסטל, צא ב-09:00 להתארגנות מוקדמת לשבת].

🍽️ פתרון תזונה יומי: בצהריים מצרכים קלים לשבת, בערב סעודת חב'ד.

🥤 שילוב חלבון: שייק חלבון בבוקר בדירה.

💡 Plan B גשם: אם יורד גשם כבד — קיצור ההליכה ומעבר למתחם מקורה סמוך.

🔍 לסינון: פארק / טבע / היסטוריה","נסיעה קצרה בתחתית מתחנת Sanjo (קרוב לגיון) לתחנת Marutamachi.

[יציאה מומלצת: יציאה 1]",קיוטו - מרכז,09:30 - 10:45,שעה ורבע,,חינם,🚶‍♂️ אין צורך להזמין מראש: גנים פתוחים לקהל הרחב.,https://fng.or.jp/kyoto/en/,≈ 25 דקות (תחתית + הליכה),https://www.google.com/maps/dir/?api=1&origin=427+Rinkacho+Kyoto&destination=Kyoto+Gyoen+National+Garden,,⚠️ שירותים,✓ נעלי הליכה | ✓ Power Bank וכבל

⚔️,11 (שישי),23/10/2026,Samurai & Ninja Museum Kyoto,מוזיאון | תרבות מורשת,⭐⭐⭐⭐⭐ חובה,"292 Higashimonzencho, Nakagyo Ward, Kyoto",הכל (מקורה),"מוזיאון הסמוראים והנינג'ות המקצועי:

• סיור אינטראקטיבי מודרך, תצוגת נשק, לבישת שריון ואימון בחרב קטאנה.

💡 Plan B גשם:
מקורה לחלוטין וממוזג, פתרון מושלם.

[רמת עומס: 🟡 בינוני]

🍽️ פתרון תזונה: מכוסה בתכנון היומי — אוכל כשר שהוכן/נרכש מראש או חטיפים מהתיק.

🥤 שילוב חלבון: חטיף/שייק חלבון זמין בתיק — לצריכה לפי הצורך.

🔍 לסינון: מוזיאון / אטרקציה","הליכה קצרה דרומה או נסיעת תחתית חזרה למרכז העיר.

[יציאה מומלצת: תחנת Kyoto-Kawaramachi יציאה 9]",קיוטו - מרכז,11:15 - 12:45,שעה וחצי,,"80 ₪ (~4,300 ¥)","🚨 חובה להזמין מראש: כדאי להזמין החל מ-23/09/2026 (חודש מראש) כדי להבטיח את הסלוט לאימון חרב ולבישת שריון.
⏰ התראה: קבע/י תזכורת ליום פתיחת ההזמנות 23/09/2026 + תזכורת הכנה יום לפני (22/09/2026) — לוודא אמצעי תשלום, פרטים וזמינות.","רשמי: https://www.samuraininja-museum.com/
Klook: https://www.klook.com/search/result/?query=Samurai%20Ninja%20Museum%20Kyoto
Trip: https://www.trip.com/things-to-do/list?pagetype=city&keyword=Samurai%20Ninja%20Museum%20Kyoto&kwdfrom=srch&ext-searchpage=1
KKday: https://www.kkday.com/en/product/productlist/Samurai%20Ninja%20Museum%20Kyoto
GetYourGuide: https://www.getyourguide.com/s?q=Samurai+Ninja+Museum+Kyoto
Pelago: https://www.pelago.co/en-US/search/?keyword=Samurai%20Ninja%20Museum%20Kyoto",≈ 20 דקות רכבת,https://www.google.com/maps/dir/?api=1&origin=Kyoto+Gyoen+National+Garden&destination=Samurai+Ninja+Museum+Kyoto,,⚠️ שירותים,✓ בגדים נוחים ללבישת שריון ואימון חרב | ✓ Power Bank וכבל

🍽️,11 (שישי),23/10/2026,Fresco Gojo,קניות | סופרמרקט,⭐⭐⭐⭐⭐ חובה,"270 Azumacho, Shimogyo Ward, Kyoto",הכל (מקורה),"הצטיידות קלה לשבת (הוקדם לצהריים למניעת לחץ!):

• רכישת פירות, מים, וחטיפי אוכל למהלך יום השבת. (אין צורך באוכל מבושל כיוון שסעודות שבת משולמות בחב'ד).

💡 שימוש בשקיות זיפלוק/גופיה: ארוז את הפירות והמצרכים הטריים שקנית בשקיות זיפלוק אטומות כדי לשמור על טריותם בתוך התיק ולמנוע נזילות.

[רמת עומס: 🟢 קל]

💡 Plan B: אם סגור — קומביני חלופי סמוך (רובם פתוחים 24/7).

🍽️ פתרון תזונה: מכוסה בתכנון היומי — אוכל כשר שהוכן/נרכש מראש או חטיפים מהתיק.

🥤 שילוב חלבון: חטיף/שייק חלבון זמין בתיק — לצריכה לפי הצורך.

🔍 לסינון: קניות / סופרמרקט / אוכל","נסיעה בתחתית דרומה לתחנת Gojo או הליכה רגלית ישירה.

[יציאה מומלצת: תחנת Gojo יציאה 1]",קיוטו - מרכז,13:00 - 13:30,30 דקות,,"כניסה: 0₪ | קניות (אופציונלי): כ-55 ₪ (~3,000 ¥)",🚶‍♂️ תשלום במקום.,https://www.super-fresco.co.jp/,≈ 15 דקות בתחתית,https://www.google.com/maps/dir/?api=1&origin=Samurai+Ninja+Museum+Kyoto&destination=Fresco+Gojo+Kyoto,,⚠️ שירותים,✓ שקית רב פעמית לקניות | ✓ מזומן | ✓ Power Bank וכבל

🏠,11 (שישי),23/10/2026,🏠 Hostel Gion SORA (Kyoto),לינה | הוסטל,⭐⭐⭐⭐⭐ חובה,"427 Rinkacho, Higashiyama Ward, Kyoto",הכל (מקורה),"התארגנות ארוכה ורגועה לשבת בדירה:

• יש לך פה זמן עד כניסת שבת בהמשך היום.
• התרעננות, נטרול חיישני תאורה, ניתוק שירותים חכמים (Washlet), מקלחת חמה.

[רמת עומס: 🟢 קל]

💡 Plan B: אין צורך — זו נקודת לינה/מנוחה קבועה שכבר הוזמנה.

🍽️ פתרון תזונה: סעודות שבת יתקיימו בבית חב'ד כהלכתן, ללא צורך בבישול בדירה.

🥤 שילוב חלבון: חטיף/שייק חלבון זמין בתיק — לצריכה לפי הצורך.

🔍 לסינון: לינה",הליכה קצרה או נסיעה באוטובוס מקומי קצר מהסופרמרקט חזרה לדירה.,קיוטו - גיון,14:00 - 16:50,התארגנות,,0 ₪,✅ כבר הוזמן. כניסת שבת באזור 16:50.,https://www.booking.com/,≈ 20 דקות באוטובוס,https://www.google.com/maps/dir/?api=1&origin=Fresco+Gojo+Kyoto&destination=427+Rinkacho+Kyoto,,⚠️ שירותים,✓ מסקינטייפ (לחיישנים) | ✓ הכנות לשבת | ✓ מפתח דירה פיזי

🍽️,11 (שישי),23/10/2026,Chabad Kyoto,דת וקהילה | תפילה וארוחות,⭐⭐⭐⭐⭐ חובה,"30-3 Tennocho, Okazaki, Sakyo-ku, Kyoto",הכל,"תפילת ערבית, קבלת שבת וקידוש חם בבית חב'ד קיוטו:

• תפילת מנחה: 10 דקות לאחר הדלקת נרות.
• קבלת שבת וסעודה: 40 דקות לאחר הדלקת נרות.

[מיקום: מאחורי סופרמרקט פרסקו, מול Okazaki Junior High School. אוטובוסים: 203/204/93/5].

[רמת עומס: 🟢 קל]

💡 Plan B: אין צורך — פעילות במסגרת קהילת חב""ד לפי לוח הזמנים הקבוע.

🍽️ פתרון תזונה: מכוסה בתכנון היומי — אוכל כשר שהוכן/נרכש מראש או חטיפים מהתיק.

🥤 שילוב חלבון: חטיף/שייק חלבון זמין בתיק — לצריכה לפי הצורך.

🔍 לסינון: מסעדה / אוכל / דת","הליכה רגלית בלבד!

🚨 איסור נסיעה מוחלט ואיסור טלטול חפצים מחוץ לעירוב — השתמש בחגורת שבת למפתח המכני.",קיוטו - מזרח,17:00 - 19:30,זמני שבת,,120.63 ₪,✅ כבר הוזמן ושולם מראש ($39.44),https://chabad.jp/,≈ 25 דקות הליכה,https://maps.app.goo.gl/c59K6jN4cVgxiEiv6,,⚠️ שירותים,✓ חגורת שבת למפתח | ✓ ביגוד מכבד | ✓ מפתח דירה פיזי

🏠,11 (שישי),23/10/2026,🏠 Hostel Gion SORA (Kyoto),לינה | הוסטל,⭐⭐⭐⭐⭐ חובה,"427 Rinkacho, Higashiyama Ward, Kyoto",הכל (מקורה),"חזרה להוסטל לאחר הקידוש והתפילה.

• מנוחה ושינה רגועה בשבת. חזרה בטוחה בהליכה נעימה.

[רמת עומס: 🟢 קל]

💡 Plan B: אין צורך — זו נקודת לינה/מנוחה קבועה שכבר הוזמנה.

🍽️ פתרון תזונה: בטן מלאה מסעודת ליל שבת בבית חב'ד.

🥤 שילוב חלבון: חטיף/שייק חלבון זמין בתיק — לצריכה לפי הצורך.

🔍 לסינון: לינה",הליכה רגלית נינוחה ומסודרת מבית חב'ד קיוטו חזרה לגיון.,קיוטו - גיון,20:00 - 08:30,לינה,,0 ₪,✅ כבר הוזמן מראש בבסיס קבוע.,https://www.booking.com/,≈ 25 דקות הליכה חזרה,https://www.google.com/maps/dir/?api=1&origin=Chabad+Kyoto&destination=427+Rinkacho+Kyoto,,⚠️ שירותים,✓ שינה טובה | ✓ חגורת שבת למפתח




🍽️,12 (שבת),24/10/2026,Chabad Kyoto (Shabbat Meals),דת וקהילה | שבת,⭐⭐⭐⭐⭐ חובה,"30-3 Tennocho, Okazaki, Sakyo-ku, Kyoto",הכל,"יום מנוחה מוחלט (שבת קודש) בחב""ד קיוטו:

זמני התפילות והסעודות (לפי המייל הרשמי מחב""ד):
• 10:00 - תפילת שחרית.
• 12:00 - קידוש חם וצ'ולנט.

הטענת מצברים רצינית לשבוע האקסטרים באוסקה.

🍽️ פתרון תזונה יומי: כל סעודות השבת והאוכל בחב""ד.

[רמת עומס: 🟢 קל]

💡 Plan B: אין צורך — פעילות במסגרת קהילת חב""ד לפי לוח הזמנים הקבוע.

🥤 שילוב חלבון: חטיף/שייק חלבון זמין בתיק — לצריכה לפי הצורך.

🔍 לסינון: מסעדה / אוכל / דת",הליכה רגלית קצרה והולמת הלוך וחזור מהדירה.,קיוטו - מזרח,10:00 - 14:00,זמני סעודות,,0 ₪,✅ סעודה הכלולה בהזמנה מראש (120.63 ₪ שולמו).,https://chabad.jp/,≈ 25 דקות הליכה,https://www.google.com/maps/dir/?api=1&origin=427+Rinkacho+Kyoto&destination=Chabad+Kyoto,,⚠️ שירותים,✓ חגורת שבת מותאמת למפתח

🌊,12 (שבת),24/10/2026,Keage Water Intake (Lake Biwa Canal),פארק וטבע | טיילת היסטורית,⭐⭐⭐⭐ מומלץ,"Sakyo Ward, Kyoto",☀️ שמש / ☁️ מעונן,"תחנת הכוח של קיוטו ותעלת ביווה: 
• אזור פתוח, חינמי והיסטורי עם נוף יפה לתעלות המים ולמבני לבנים עתיקים. מסלול מושלם ומומלץ להליכת שבת באזור חב""ד קיוטו ללא חילול שבת וללא מקדשים.

[רמת עומס: 🟢 קל]

💡 Plan B גשם: אם יורד גשם כבד — קיצור ההליכה ומעבר למתחם מקורה סמוך.

🍽️ פתרון תזונה: מכוסה בתכנון היומי — אוכל כשר שהוכן/נרכש מראש או חטיפים מהתיק.

🥤 שילוב חלבון: חטיף/שייק חלבון זמין בתיק — לצריכה לפי הצורך.

🔍 לסינון: טבע / פארק","הליכה רגלית קצרה מאזור חב""ד, מתחבר בול להליכת השבת שלך דרומה.",קיוטו - מזרח,14:15 - 15:15,שעה,פתוח 24/7,חינם,**🚶‍♂️ מסלול פתוח לציבור (מצוין לשבת).**,https://www.japan-guide.com/e/e3950.html,≈ 10 דקות הליכה מחב'ד,https://www.google.com/maps/dir/?api=1&origin=Chabad+Kyoto&destination=Keage+Water+Intake,,,✓ הליכה רגועה לשבת | ✓ חגורת שבת למפתח

🌳,12 (שבת),24/10/2026,Kamo River Walk (Shijo Ohashi),טבע ופארקים | טיילת,⭐⭐⭐ אם יש זמן,"Shijo Ohashi, Shimogyo Ward, Kyoto",☀️ שמש / ☁️ מעונן,"הליכת שבת פסטורלית לאורך גדות נהר הקאמו:

• ירידה רגלית מאזור תעלת ביווה לכיוון גשר שיג'ו שחוצה את הנהר — ללא צורך בתחבורה ציבורית וללא חשש טלטול.

[רמת עומס: 🟢 קל]

💡 Plan B גשם: אם יורד גשם כבד — קיצור ההליכה ומעבר למתחם מקורה סמוך.

🍽️ פתרון תזונה: מכוסה בתכנון היומי — אוכל כשר שהוכן/נרכש מראש או חטיפים מהתיק.

🥤 שילוב חלבון: חטיף/שייק חלבון זמין בתיק — לצריכה לפי הצורך.

🔍 לסינון: פארק / טבע",הליכה רגלית מאזור תחנת הכוח Keage מטה אל הנהר.,קיוטו - מרכז / גיון,15:15 - 16:00,45 דקות,,חינם,🚶‍♂️ אין צורך להזמין מראש: שביל ציבורי פתוח.,https://www.japan-guide.com/e/e3946.html,≈ 20 דקות הליכה נינוחה,https://www.google.com/maps/dir/?api=1&origin=Keage+Water+Intake&destination=Shijo+Ohashi+Kyoto,,⚠️ שירותים,✓ מפתח הדירה בחגורת שבת

🌳,12 (שבת),24/10/2026,Maruyama Park,טבע ופארקים | פארק עירוני,⭐⭐⭐ אם יש זמן,"Maruyamacho, Higashiyama Ward, Kyoto",☀️ שמש / ☁️ מעונן,"הליכה שלווה בפארק הציבורי של קיוטו:

• סיור רגלי בין בריכות מים ועצים. פארק חילוני וחינמי הצמוד להוסטל.

[רמת עומס: 🟢 קל]

💡 Plan B גשם: אם יורד גשם כבד — קיצור ההליכה ומעבר למתחם מקורה סמוך.

🍽️ פתרון תזונה: מכוסה בתכנון היומי — אוכל כשר שהוכן/נרכש מראש או חטיפים מהתיק.

🥤 שילוב חלבון: חטיף/שייק חלבון זמין בתיק — לצריכה לפי הצורך.

🔍 לסינון: פארק / טבע",הליכה רגלית קצרה של כ-10 דקות מגשר שיג'ו.,קיוטו - גיון,16:00 - 16:45,45 דקות,,חינם,🚶‍♂️ אין צורך להזמין מראש.,https://kyoto-maruyama-park.jp/,≈ 15 דקות הליכה,https://www.google.com/maps/dir/?api=1&origin=Shijo+Ohashi+Kyoto&destination=Maruyama+Park+Kyoto,,,✓ נעלי הליכה | ✓ חגורת שבת

✨,12 (שבת),24/10/2026,teamLab Biovortex Kyoto,אטרקציה | אמנות דיגיטלית,⭐⭐⭐⭐⭐ חובה,"Kyoto, Japan",הכל (מקורה),"תערוכת האמנות הדיגיטלית teamLab Biovortex:

• חובה לחזור לבית חב'ד קיוטו בצאת השבת (סביבות 17:50) לערוך הבדלה כהלכתה עם יין ביחד עם הקהילה, ומיד משם לנסוע לתערוכה (כדי לא לפספס את שעת הכניסה האחרונה)!
• מרווח ביטחון: הזמנו את הכרטיס לשעה 19:00. יש לך כעת שעה שלמה ויותר מרגע צאת השבת כדי להבדיל, להתארגן ולנסוע בנחת!
• מיצגי אור וחושך אינטראקטיביים מבוססי חיישנים. חוויה ויזואלית מרהיבה למוצאי שבת.

💡 Plan B גשם:
תערוכה מקורה ומוגנת.

💡 המלצת רכישה: חובה להזמין ב-Klook או Pelago! בסופי שבוע (מוצאי שבת) התורים ארוכים מאוד. 

[רמת עומס: 🔴 גבוה]

🍽️ פתרון תזונה: מכוסה בתכנון היומי — אוכל כשר שהוכן/נרכש מראש או חטיפים מהתיק.

🥤 שילוב חלבון: חטיף/שייק חלבון זמין בתיק — לצריכה לפי הצורך.

🔍 לסינון: מוזיאון / אטרקציה",נסיעה ישירה מבית חב'ד קיוטו לתערוכה (תחבורה ציבורית או מונית GO Taxi).,קיוטו - מרכז/מזרח,19:00 - 21:00,שעתיים,,"85 ₪ (~4,600 ¥)","🚨 חובה להזמין מראש: ההרשמה נפתחת כחודשיים מראש (סביב 24/08/2026). חובה לשריין מקום עקב מגבלת קהל קשיחה בסופ""ש.
⏰ התראה: קבע/י תזכורת ליום פתיחת ההזמנות 24/08/2026 + תזכורת הכנה יום לפני (23/08/2026) — לוודא אמצעי תשלום, פרטים וזמינות.","רשמי: https://www.teamlab.art/e/kyoto/
Klook: https://www.klook.com/search/result/?query=teamLab%20Biovortex%20Kyoto
Trip: https://www.trip.com/things-to-do/list?pagetype=city&keyword=teamLab%20Biovortex%20Kyoto&kwdfrom=srch&ext-searchpage=1
KKday: https://www.kkday.com/en/product/productlist/teamLab%20Biovortex%20Kyoto
GetYourGuide: https://www.getyourguide.com/s?q=teamLab+Biovortex+Kyoto
Pelago: https://www.pelago.co/en-US/search/?keyword=teamLab%20Biovortex%20Kyoto",≈ 25 דקות מבית חב'ד,https://www.google.com/maps/dir/?api=1&origin=Chabad+Kyoto&destination=teamLab+Biovortex+Kyoto,,⚠️ שירותים,✓ שובר הזמנה זמין ל-19:00! | ✓ מצלמה / טלפון טעון | ✓ Power Bank וכבל

🌃,12 (שבת),24/10/2026,Gion & Shirakawa Lane,אטרקציה עירונית | רחובות היסטוריים,⭐⭐⭐⭐⭐ חובה,"Gion-Shijo Station, Kyoto, Japan",🌃 לילה,"סיום הערב באזור גיון:

• לאחר סיום התערוכה ב-teamLab, נסיעה מהירה משם להליכה פסטורלית וקסומה בסמטת שירקאווה המוארת לאורך התעלה.
• המשך שיטוט רגלי תוסס ברחובותיה המוארים של קיוטו וגיון. ההוסטל שלך נמצא ממש פה כך שתוכל לסיים את היום ברוגע.

[רמת עומס: 🟢 קל].

💡 Plan B: אם עמוס/סגור — מעבר לאטרקציה מקורה סמוכה או קיצור הביקור.

🍽️ פתרון תזונה: מכוסה בתכנון היומי — אוכל כשר שהוכן/נרכש מראש או חטיפים מהתיק.

🥤 שילוב חלבון: חטיף/שייק חלבון זמין בתיק — לצריכה לפי הצורך.

🔍 לסינון: אטרקציה / חיי לילה",נסיעה מ-teamLab חזרה לאזור גיון והמשך הליכה רגלית.,קיוטו - גיון,21:30 - 22:45,שעה ורבע,,חינם,🚶‍♂️ אין צורך להזמין מראש.,https://www.japan-guide.com/e/e3902.html,≈ 15 דקות נסיעה מ-teamLab,https://www.google.com/maps/dir/?api=1&origin=teamLab+Biovortex+Kyoto&destination=Shirakawa+Lane,,⚠️ שירותים,✓ טלפון וארנק | ✓ מצלמה ללילה

🏠,12 (שבת),24/10/2026,🏠 Hostel Gion SORA (Kyoto),לינה | הוסטל,⭐⭐⭐⭐⭐ חובה,"427 Rinkacho, Higashiyama Ward, Kyoto",הכל (מקורה),"לילה אחרון בקיוטו: חזרה מהירה ובטוחה להוסטל לאחר בילוי מוצאי שבת.

• ארגון ואריזה לקראת עזיבת העיר מחר בבוקר.

[חלון זמן צ'ק-אאוט מחר: עד 10:00].

[רמת עומס: 🟢 קל]

💡 Plan B: אין צורך — זו נקודת לינה/מנוחה קבועה שכבר הוזמנה.

🍽️ פתרון תזונה: ארוחת ערב/בוקר בהכנה עצמאית בדירה או שאריות מהיום.

🥤 שילוב חלבון: חטיף/שייק חלבון זמין בתיק — לצריכה לפי הצורך.

🔍 לסינון: לינה",חזרה רגלית נוחה או נסיעה קצרה.,קיוטו - גיון,23:00 - 08:30,לינה,,0 ₪,✅ כבר הוזמן מראש.,"רשמי: https://www.booking.com/
Klook: https://www.klook.com/search/result/?query=Hostel%20Gion%20SORA
Trip: https://www.trip.com/things-to-do/list?pagetype=city&keyword=Hostel%20Gion%20SORA&kwdfrom=srch&ext-searchpage=1
KKday: https://www.kkday.com/en/product/productlist/Hostel%20Gion%20SORA
GetYourGuide: https://www.getyourguide.com/s?q=Hostel+Gion+SORA
Pelago: https://www.pelago.co/en-US/search/?keyword=Hostel%20Gion%20SORA",≈ 15 דקות באוטובוס או מונית,https://www.google.com/maps/dir/?api=1&origin=teamLab+Biovortex+Kyoto&destination=427+Rinkacho+Kyoto,,⚠️ שירותים,✓ ארגון התיק הקטן ועזיבה מחר




🎋,13 (ראשון),25/10/2026,Arashiyama Bamboo Grove,טבע ופארקים | יער במבוק,⭐⭐⭐⭐⭐ חובה,"Sagatenryuji Susukinobabacho, Ukyo Ward, Kyoto",☀️ שמש (ראות יפה בבוקר),"יער הבמבוק המפורסם באראשייאמה:

• הליכת בוקר פסטורלית בין קני במבוק עצומים. חובה להישאר אך ורק על השביל הציבורי הסלול והמרכזי (חילוני) ולא להיכנס למקדשים!
• המזוודה ממתינה לך בהוסטל. קח איתך את תיק הגב לאורך היום.

[רמת עומס יומית: 🔴 קשה - יום המופע באוסקה].

[בוקר רגוע אבל מוקדם!: קום מוקדם יותר (באזור 06:45), תפילה, ארוחת בוקר בהוסטל. צא באזור 07:30 כדי להקדים את הלו""ז למען המופע].

🍽️ פתרון תזונה יומי: ארוחה קלה ומצברים בהוסטל, צהריים/ערב בסביבת המופע.

🥤 שילוב חלבון: שייק חלבון לאחר המופע כשחוזרים לדירה באוסקה.

💡 Plan B גשם: אם יורד גשם כבד — קיצור ההליכה ומעבר למתחם מקורה סמוך.

🔍 לסינון: פארק / טבע","מתחנת Kyoto המרכזית קח את קו JR Sagano Line ישירות לתחנת Saga-Arashiyama.

[יציאה מומלצת: יציאה יחידה]",קיוטו - אראשייאמה,08:15 - 09:30,שעה ורבע,,חינם,🚶‍♂️ אין צורך להזמין מראש (לשביל הציבורי).,https://www.japan-guide.com/e/e3912.html,≈ 45 דקות ברכבת,https://www.google.com/maps/dir/?api=1&origin=427+Rinkacho+Kyoto&destination=Arashiyama+Bamboo+Grove,,⚠️ שירותים,✓ מצלמה | ✓ Power Bank וכבל

🎋,13 (ראשון),25/10/2026,Kimono Forest,אטרקציה | אמנות רחוב,⭐⭐⭐⭐ מומלץ,"Arashiyama, Kyoto",☀️ שמש / ☁️ מעונן,"יער הקימונו: הליכה בין עמודי תאורה מעוצבים בבדי קימונו מסורתיים. יפהפה גם באור יום וממוקם ממש בתוך תחנת הרכבת על הדרך שלך לרכבת הנופית!

[רמת עומס: 🟢 קל]

💡 Plan B גשם: התצוגה פתוחה, אבל אפשר לחלוף עם מטרייה.

🍽️ פתרון תזונה: תוכנן מראש להמשך היום.

🥤 שילוב חלבון: חטיף חלבון בתיק.

🔍 לסינון: אטרקציה / אומנות","ממוקם ישירות בתוך תחנת הרכבת Randen Arashiyama Station.",קיוטו - אראשייאמה,09:30 - 09:45,15 דקות,,חינם,🚶‍♂️ אין צורך להזמין - שטח פתוח בתחנה.,https://www.discoverkyoto.com/places-go/kimono-forest/,≈ 5 דקות הליכה מיער הבמבוק,https://www.google.com/maps/dir/?api=1&origin=Arashiyama+Bamboo+Grove&destination=Kimono+Forest,,⚠️ שירותים,✓ מצלמה

🚂,13 (ראשון),25/10/2026,Sagano Scenic Railway,אטרקציה | רכבת נופית,⭐⭐⭐⭐⭐ חובה,"Sagatenryuji Kurumamichicho, Ukyo Ward, Kyoto",☀️ שמש / ☁️ מעונן,"הרכבת הנופית הרומנטית של סאגאנו:

• נסיעה ברכבת קלאסית פתוחה למחצה לאורך נהר ההוזו. סיום מושלם של בוקר קיוטו.

• נסיעה ברכבת קלאסית פתוחה למחצה לאורך נהר ההוזו. 💡 טיפ חזור חובה: הרכבת מורידה אותך בתחנת Torokko Kameoka. אל תחכה לרכבת חזור! צעד 10 דקות רגלית לתחנת JR Umahori, ומשם קח רכבת רגילה וישירה לתחנת קיוטו כדי להמשיך לאוסקה.

💡 Plan B גשם: הקרונות מקורים בחלקם, החוויה מתקיימת כסדרה.

💡 המלצת פלטפורמה קריטית: מומלץ להזמין דרך Klook. האתר הרשמי של רכבות JR West עמוס בבאגים עבור כרטיסי אשראי זרים וישראלים. Klook מונע את הבעיה הזו ונותן לך QR קוד בקלות!

[רמת עומס: 🟡 בינוני]

🍽️ פתרון תזונה: מכוסה בתכנון היומי — אוכל כשר שהוכן/נרכש מראש או חטיפים מהתיק.

🥤 שילוב חלבון: אכילת חטיף חלבון או שייק חלבון אישי במהלך הנסיעה הנופית (זמן מושלם לשבת מול הנוף ולהתענג על החלבון).

🔍 לסינון: תחבורה / אטרקציה","תחנת היציאה של הרכבת (Saga Torokko) צמודה לתחנת הרכבת JR Saga-Arashiyama. במרחק 15 דקות הליכה מיער הקימונו.

[הנחיית רכבת: ❌ כרטיס IC לא תופס, דורש כרטיס מוזמן].",קיוטו - אראשייאמה,10:00 - 11:15,שעה ורבע,,"20 ₪ (~1,100 ¥)","🚨 חובה להזמין מראש: מכירת הכרטיסים נפתחת בדיוק חודש מראש בתאריך 25/09/2026 בשעה 04:00 לפנות בוקר שעון ישראל (10:00 שעון יפן). תהיה מוכן להזמין לסלוט של 10:00!
⏰ התראה: קבע/י תזכורת ליום פתיחת ההזמנות 25/09/2026 + תזכורת הכנה יום לפני.",https://www.saganokanko.co.jp/en/,≈ 15 דקות הליכה,https://www.google.com/maps/dir/?api=1&origin=Kimono+Forest&destination=Saga+Torokko+Station,,⚠️ שירותים,✓ כרטיס Klook זמין | ✓ Power Bank וכבל

🎟️,13 (ראשון),25/10/2026,הדפסת כרטיס למופע (FamilyMart / Seven Eleven),לוגיסטיקה | שירותים ומנהלה,⭐⭐⭐⭐⭐ חובה,"Nipponbashi, Osaka",הכל (מקורה),"הדפסת כרטיס המופע הפיזי של LiSA (הוקדם ללפני המנוחה!):
• אחרי שסיימת את הרכבת בקיוטו (11:15), אספת מזוודה מגיון, ונסעת לאוסקה (הגעה סביב 13:30), גש קודם כל לחנות הנוחות ליד הדירה.
• הזן את הקוד, והקופאי ידפיס לך את הכרטיס הפיזי. עשה זאת עכשיו כדי שלא תצטרך לצאת למכונה האוטומטית (FamiPort או Loppi) לזה מאוחר יותר.

[רמת עומס: 🟡 בינוני]

💡 Plan B: אם המכונה תקולה — מעבר לסניף 7-Eleven או FamilyMart סמוך.

🍽️ פתרון תזונה: תוכנן מראש להמשך היום במנוחה.

🥤 שילוב חלבון: חטיף חלבון בתיק.

🔍 לסינון: לוגיסטיקה / קניות","הליכה קצרה מתחנת Nippombashi בדרך לדירה.",אוסקה - נאמבה,13:45 - 14:00,15 דקות,,חינם,🚶‍♂️ ביצוע במקום באמצעות קוד ההזמנה מהמייל.,https://www.family.co.jp/,≈ שעתיים וחצי (רכבות + איסוף מזוודה),https://www.google.com/maps/search/?api=1&query=Convenience+Store+Nipponbashi,,⚠️ שירותים,✓ קוד איסוף כרטיסים זמין בנייד | ✓ דרכון

🏠,13 (ראשון),25/10/2026,🏠 MORI Apartment (Osaka),לינה | דירה,⭐⭐⭐⭐⭐ חובה,"2 Chome-10-7 Nipponbashi, Chuo Ward, Osaka",הכל (מקורה),"מנוחה מלאה וישירה בדירת אוסקה לפני המופע:

• עכשיו כשהכרטיס המודפס אצלך בכיס, כנס לדירה לשעה וחצי רצופות של מנוחה מוחלטת במיטה לצבירת אנרגיה למופע! (אם יש בעיית צ'ק-אין לפני 15:00, תאם מראש הנחת מזוודות).

[רמת עומס: 🟢 קל]

💡 Plan B: אין צורך — זו נקודת לינה/מנוחה קבועה שכבר הוזמנה.

🍽️ פתרון תזונה: ארוחת צהריים/נשנוש במנוחה.

🥤 שילוב חלבון: חטיף/שייק חלבון זמין בתיק.

🔍 לסינון: לינה","הליכה של שתי דקות מחנות הנוחות.",אוסקה - נאמבה,14:00 - 15:30,שעה וחצי מנוחה!,,"406.80 ₪ (~21,627 ¥)",✅ כבר הוזמן מראש (בסיס לינה קבוע).,https://www.booking.com/,≈ 2 דקות הליכה,https://www.google.com/maps/dir/?api=1&origin=Convenience+Store+Nipponbashi&destination=2-10-7+Nipponbashi+Osaka,,⚠️ שירותים,✓ מנוחה יסודית לקראת המופע | ✓ Power Bank וכבל

🎤,13 (ראשון),25/10/2026,Grand Cube Osaka,תרבות ובידור | מופע חי,⭐⭐⭐⭐⭐ חובה,"5 Chome-3-51 Nakanoshima, Kita Ward, Osaka",הכל (מקורה),"המופע הענק: LiVE is Smile Always (LiSA) בגראנד קיוב אוסקה!

• חוויית קונצרט רוק מטורפת. אתה יוצא ב-15:30 מהדירה, נוסע 35 דקות ומגיע בול בזמן!

[מרווח ביטחון: הגעה להיכל ב-16:05, כ-25 עד 40 דקות לפני תחילת המופע!].

[רמת עומס: 🟡 בינוני]

💡 Plan B: מופע מוזמן מראש - חובה להגיע.

🍽️ פתרון תזונה: ארוחת ערב בסביבת האולם או חזרה בדירה.

🥤 שילוב חלבון: חטיף חלבון זמין בתיק.

🔍 לסינון: אטרקציה / מופע","מנאמבה קח את קו התחתית Midosuji לתחנת Hommachi, והחלף ל-🔵 Chuo לתחנת Nakanoshima (או מונית GO Taxi ב-35 ₪).

[יציאה מומלצת: יציאה 2]",אוסקה - מרכז,16:05 - 21:00,5 שעות,,0 ₪,✅ כבר הוזמן וטופל! (הכרטיס הפיזי הודפס ובידך).,https://www.gco.co.jp/en/,≈ 35 דקות נסיעה מהדירה,https://www.google.com/maps/dir/?api=1&origin=2-10-7+Nipponbashi+Osaka&destination=Grand+Cube+Osaka,,⚠️ שירותים,✓ כרטיס פיזי ביד! | ✓ בגדים קלילים לאולם (חם שם) | ✓ אטמי אוזניים (מומלץ) | ✓ Power Bank וכבל

🏠,13 (ראשון),25/10/2026,🏠 MORI Apartment (Osaka),לינה | דירה,⭐⭐⭐⭐⭐ חובה,"2 Chome-10-7 Nipponbashi, Chuo Ward, Osaka",הכל (מקורה),"חזרה מהירה ובטוחה לדירה באוסקה לאחר סיום המופע:

• השעה טובה מאוד כדי למנוע את דוחק חצות ברכבות.
• מנוחה, כביסה מהירה במכונת הדירה ושינה עמוקה לקראת מחר.

[רמת עומס: 🟢 קל]

💡 Plan B: אין צורך — זו נקודת לינה/מנוחה קבועה שכבר הוזמנה.

🍽️ פתרון תזונה: ארוחת ערב/בוקר בהכנה עצמאית בדירה או שאריות מהיום.

🥤 שילוב חלבון: שייק חלבון של אחרי המופע.

🔍 לסינון: לינה","נסיעה הפוכה ברכבות: קו Keihan מתחנת Nakanoshima חזרה דרומה אל רובע נאמבה/ניפומבאשי.",אוסקה - נאמבה,21:45 - 08:30,לינה,,0 ₪,✅ כבר הוזמן.,https://www.booking.com/,≈ 35 דקות רכבת,https://www.google.com/maps/dir/?api=1&origin=Grand+Cube+Osaka&destination=2-10-7+Nipponbashi+Osaka,,⚠️ שירותים,✓ הפעלת מכונת כביסה אם צריך | ✓ Power Bank וכבל




🧳,14 (שני),26/10/2026,משלוח מזוודה ל-Narita,לוגיסטיקה | שילוח ציוד,⭐⭐⭐⭐⭐ חובה,"2 Chome-10-7 Nipponbashi, Chuo Ward, Osaka",הכל (מקורה),"לוגיסטיקה חובה (Ta-Q-Bin): שילוח המזוודה העיקרית ישירות לטרמינל 2 בנריטה.

📦 לוגיסטיקת סירים: המזוודה נשלחת כעת. את הסירים שים בתיק בד קטן שיישאר איתך לאוסקה, לטובת בישול בדירה.

💡 שימוש חובה בזיפלוק/גופיה: הכנס את כל הנוזלים, השמפו, והקרמים לתוך שקיות זיפלוק אטומות וסגור היטב לפני האריזה במזוודה, למניעת נזילות כתוצאה מלחץ וטלטולי המשלוח!

✈️ פרטי המשלוח למילוי בטופס שדה תעופה (Airport Ta-Q-Bin):
• שדה תעופה: Narita International Airport (NRT)
• טרמינל: Terminal 2 (Yamato Counter)
• תאריך טיסה (Departure): 29/10/2026
• שעת המראה: 21:30

🚨 מה חובה להוציא מהמזוודה (ל-4 הימים הנותרים):
1. בגדים נקיים להחלפה לכל הימים הנותרים.
2. נעלי ספורט נוחות במיוחד (ליום האקסטרים מחר ופארק אואנו).
3. כלי רחצה.
4. סוללות ניידות ומטענים (כולל מתאם שקע - קריטי לאוטובוס לילה!).
5. דרכון, כרטיס טיסה וכרטיסי האשראי.
6. שמור את קבלת המשלוח - תצטרך אותה כדי לאסוף את המזוודה בנריטה!
7. אוכל כשר שהכנת / חטיפים למשך היומיים הללו.

🚨 חובה לשמור את הקבלה לאיסוף!

[רמת עומס יומית: 🟡 בינוני - ציר דרום אוסקה הליניארי].

🍽️ פתרון תזונה יומי: קניות בשוק קורומון לטובת בישול ארוחת ערב בדירה.

🍫 שילוב חלבון: חטיף חלבון בתצפית אבנו הרוקאס לקראת השקיעה.

💡 Plan B: אם הדלפק סגור/עמוס — ביצוע הפעולה בקומביני או דלפק חלופי סמוך.

🔍 לסינון: לוגיסטיקה","ביצוע השילוח בדלפק Yamato או Seven Eleven קרוב באותו רחוב.",אוסקה - נאמבה,09:45 - 10:15,30 דקות,,"70 ₪ (~3,800 ¥)",🚶‍♂️ אין צורך להזמין מראש: מילוי טופס שילוח לשדה.,https://www.kuronekoyamato.co.jp/ytc/en/,≈ 5 דקות הליכה מפתח הדירה,https://www.google.com/maps/dir/?api=1&origin=2-10-7+Nipponbashi+Osaka&destination=2-10-7+Nipponbashi+Osaka,,⚠️ שירותים,✓ בגדים להחלפה ל-4 ימים | ✓ ציון טרמינל 2 בטופס | ✓ שמירת קבלת שילוח לאיסוף! | ✓ Power Bank וכבל

🍽️,14 (שני),26/10/2026,Kuromon Ichiba Market,קניות | שוק אוכל,⭐⭐⭐⭐ מומלץ,"2 Chome-4-1 Nipponbashi, Chuo Ward, Osaka",הכל (מקורה),"שוק האוכל קורומון:

• שוק רחוב מקורה ותוסס. נמצא במרחק פסיעה מהדירה (חילוני לחלוטין). אופציה מעולה לקנות פה מוצרים טריים לבישול בדירה. העוגן הראשון של הבוקר!

💡 אופציה מעולה לקנות פה מוצרים טריים לבישול בדירה (דגים טריים לסשימי, ירקות) להמשך היום - אותם תוכל לבשל עם הציוד שהשארת בתיק המתקפל!

💡 שימוש בשקיות זיפלוק/גופיה: השתמש בשקית זיפלוק כפח אשפה אישי לזמן הסיור בשוק למניעת לכלוך.

[רמת עומס: 🟡 בינוני]

💡 Plan B גשם: השוק מקורה ברובו; אם עמוס — קיצור הסיבוב וקנייה ממוקדת.

🍽️ פתרון תזונה: מכוסה בתכנון היומי — אוכל כשר שהוכן/נרכש מראש או חטיפים מהתיק.

🥤 שילוב חלבון: אכילת חטיף חלבון איכותי תוך כדי סיור בשוק (זמן מושלם לשילוב חלבון לפני המשך היום).

🔍 לסינון: קניות / שוק / אוכל",הליכה רגלית קצרה של כ-3 דקות מהדירה אל תוך סמטאות השוק.,אוסקה - נאמבה,10:15 - 11:30,שעה ורבע,,"כניסה: 0₪ | קניות (אופציונלי): 150 ₪ (~8,100 ¥)",🚶‍♂️ אין צורך להזמין מראש: סיור חופשי בשוק.,https://kuromon.com/en/,≈ 5 דקות הליכה מסניף השילוח,https://www.google.com/maps/dir/?api=1&origin=2-10-7+Nipponbashi+Osaka&destination=Kuromon+Ichiba+Market,,⚠️ שירותים,✓ מזומן דק | ✓ Power Bank וכבל

🎮,14 (שני),26/10/2026,Nipponbashi Denden Town,קניות | טכנולוגיה ואנימה,⭐⭐⭐⭐⭐ חובה,"4 Chome-12 Nipponbashi, Naniwa Ward, Osaka",☀️ שמש / ☁️ מעונן,"רובע החשמל והגיימינג דנדן טאון (Denden Town):

• הגרסה האותנטית של אוסקה לאקיהברה. רחובות מלאים אלקטרוניקה, משחקים ופיגרים. משמש כחוצץ מושלם! שוטטות חופשית וחינמית לחלוטין ברצף גיאוגרפי ישיר מהשוק.

[רמת עומס: 🟡 בינוני]

💡 Plan B: אם עמוס/סגור — מעבר לחנות/קומביני סמוך או קיצור הביקור.

🍽️ פתרון תזונה: מכוסה בתכנון היומי — אוכל כשר שהוכן/נרכש מראש או חטיפים מהתיק.

🥤 שילוב חלבון: חטיף/שייק חלבון זמין בתיק — לצריכה לפי הצורך.

🔍 לסינון: קניות / אטרקציה",הליכה רגלית ישירה מזרחה משוק קורומון לאורך הרחוב הראשי של הרובע.,אוסקה - נאמבה,11:30 - 12:30,שעה,,חינם,🚶‍♂️ אין צורך להזמין מראש.,https://www.japan-guide.com/e/e4001.html,≈ 5 דקות הליכה,https://www.google.com/maps/dir/?api=1&origin=Kuromon+Ichiba+Market&destination=Nipponbashi+Denden+Town,,⚠️ שירותים,✓ פטור ממס בקופה לדרכון | ✓ Power Bank וכבל

📱,14 (שני),26/10/2026,Iosys (איוסיס),קניות | סלולר וטכנולוגיה,⭐⭐⭐⭐⭐ חובה,"Nipponbashi, Osaka",הכל (מקורה),"רשת חנויות האלקטרוניקה Iosys:

• שולב במיוחד בתוך סיבוב הקניות! הכי זול ומומלץ לפלאפונים וטאבלטים (חדש ומשומש במצב מושלם). נמצא ישירות בתוך הדנדן טאון.

[רמת עומס: 🟡 בינוני]

💡 Plan B: אם עמוס/סגור — מעבר לחנות/קומביני סמוך או קיצור הביקור.

🍽️ פתרון תזונה: מכוסה בתכנון היומי — אוכל כשר שהוכן/נרכש מראש או חטיפים מהתיק.

🥤 שילוב חלבון: חטיף/שייק חלבון זמין בתיק — לצריכה לפי הצורך.

🔍 לסינון: קניות / טכנולוגיה",הליכה קצרה בתוך אזור דנדן טאון.,אוסקה - נאמבה,12:30 - 13:00,חצי שעה,,"כניסה: 0₪ | קניות (אופציונלי): 370 ₪ (~20,000 ¥) תקציב מוערך",🚶‍♂️ הגעה חופשית.,https://iosys.co.jp/,≈ 2 דקות הליכה,https://www.google.com/maps/search/?api=1&query=Iosys+Nipponbashi,,⚠️ שירותים,✓ דרכון פיזי לפטור ממס | ✓ Power Bank וכבל

🎧,14 (שני),26/10/2026,e-earphone Osaka Nipponbashi,קניות | טכנולוגיה (אודיו),⭐⭐⭐⭐⭐ חובה,"5 Chome-9-19 Nipponbashi, Naniwa Ward, Osaka",הכל (מקורה),"חנות האודיו e-earphone:

• הגדולה והמקצועית באוסקה! גן עדן לבדיקת ציוד קצה ואוזניות מוניטור לחובבי סאונד מדויק ואיכות Lossless. מסיים את שרשרת הרכישות החופשיות בנאמבה לפני שיורדים דרומה.

[רמת עומס: 🟡 בינוני]

💡 Plan B: אם עמוס/סגור — מעבר לחנות/קומביני סמוך או קיצור הביקור.

🍽️ פתרון תזונה: מכוסה בתכנון היומי — אוכל כשר שהוכן/נרכש מראש או חטיפים מהתיק.

🥤 שילוב חלבון: חטיף/שייק חלבון זמין בתיק — לצריכה לפי הצורך.

🔍 לסינון: קניות / טכנולוגיה",נמצאת ישירות בתוך מתחם דנדן טאון.,אוסקה - נאמבה,13:00 - 14:30,שעה וחצי,,"כניסה: 0₪ | קניות (אופציונלי): 277 ₪ (~15,000 ¥) תקציב מוערך",🚶‍♂️ אין צורך להזמין מראש.,https://www.e-earphone.jp/,≈ 5 דקות הליכה,https://www.google.com/maps/dir/?api=1&origin=Iosys+Nipponbashi&destination=e-earphone+Osaka,,⚠️ שירותים,✓ דרכון (Tax-Free) | ✓ אוזניות ישנות כרפרנס אם רוצים | ✓ Power Bank וכבל

🏙️,14 (שני),26/10/2026,Abeno Harukas (Edge the Harukas),אטרקציה | תצפית ואקסטרים,⭐⭐⭐⭐⭐ חובה,"1 Chome-1-43 Abenosuji, Abeno Ward, Osaka",☀️ שמש (ללא רוח),"מגדל אבנו הרוקאס:

• חוויית 'Edge the Harukas' - הליכה על קצה הבניין באוויר הפתוח (עם רתמת בטיחות)! בתזמון מושלם לקראת השקיעה.

💡 Plan B גשם:
אטרקציית האקסטרים נסגרת, הגיבוי הוא תצפית מקומת הזכוכית המוגנת.

💡 המלצת רכישה: מומלץ מאוד להזמין כרטיס רגיל לתצפית דרך האפליקציה לקבלת הנחה ודילוג על התור. את התוספת לאקסטרים (ה-Edge) ניתן לשלם רק פיזית במקום.

[רמת עומס: 🔴 גבוה]

🍽️ פתרון תזונה: מכוסה בתכנון היומי — אוכל כשר שהוכן/נרכש מראש או חטיפים מהתיק.

🥤 שילוב חלבון: חטיף/שייק חלבון זמין בתיק — לצריכה לפי הצורך.

🔍 לסינון: תצפית / אקסטרים","מדנדן טאון קח את קו Midosuji דרומה לתחנת Tennoji.

[יציאה מומלצת: Direct Building Access]",אוסקה - טנוג'י,15:00 - 17:00,שעתיים,,"60 ₪ (~3,200 ¥)","🚨 מומלץ להזמין מראש: החל מ-26/09/2026 (חודש מראש) לדילוג על התור לקומה ה-60.
⏰ התראה: קבע/י תזכורת ליום פתיחת ההזמנות 26/09/2026 + תזכורת הכנה יום לפני (25/09/2026) — לוודא אמצעי תשלום, פרטים וזמינות.","רשמי: https://www.abenoharukas-300.jp/en/
Klook: https://www.klook.com/search/result/?query=Abeno%20Harukas%20300
Trip: https://www.trip.com/things-to-do/list?pagetype=city&keyword=Abeno%20Harukas%20300&kwdfrom=srch&ext-searchpage=1
KKday: https://www.kkday.com/en/product/productlist/Abeno%20Harukas%20300
GetYourGuide: https://www.getyourguide.com/s?q=Abeno+Harukas+300
Pelago: https://www.pelago.co/en-US/search/?keyword=Abeno%20Harukas%20300",≈ 20 דקות ברכבת התחתית,https://www.google.com/maps/dir/?api=1&origin=e-earphone+Osaka&destination=Abeno+Harukas,,⚠️ שירותים,✓ נעליים סגורות לחלוטין (חובה לאקסטרים) | ✓ ללא בגדים מתנפנפים | ✓ Power Bank וכבל

🌳,14 (שני),26/10/2026,Nagai Park,טבע ופארקים | פארק,⭐⭐⭐ אם יש זמן,"Nagaikoen, Higashisumiyoshi Ward, Osaka",☀️ שמש / ☁️ מעונן,"פארק נאגאי (Nagai Park):

• משמש כחוצץ מעולה ופתוח להורדת דופק אחרי תצפית האקסטרים ולפני הכניסה לתערוכת הלילה של teamLab שנמצאת ממש בתוך הפארק. מאפשר לך להמתין בנחת עד לשעת הכניסה בחושך.

💡 Plan B גשם:
בגשם קל . בסופה יש לדחות.

🍽️ פתרון תזונה: מכוסה בתכנון היומי — אוכל כשר שהוכן/נרכש מראש או חטיפים מהתיק.

🥤 שילוב חלבון: חטיף/שייק חלבון זמין בתיק — לצריכה לפי הצורך.

[רמת עומס: 🟢 קל]

🔍 לסינון: מוזיאון / פארק","המשך נסיעה רציפה דרומה בקו Midosuji מתחנת Tennoji לתחנת Nagai.",אוסקה - נאגאי,17:15 - 17:45,30 דקות,,חינם,🚶‍♂️ כניסה חופשית.,https://nagaipark.com/,≈ 15 דקות בתחתית מאבנו הרוקאס,https://www.google.com/maps/dir/?api=1&origin=Abeno+Harukas&destination=Nagai+Park,,⚠️ שירותים,✓ בקבוק מים

🌲,14 (שני),26/10/2026,teamLab Botanical Garden Osaka,אטרקציה | אמנות בטבע,⭐⭐⭐⭐⭐ חובה,"1-23 Nagaikoen, Higashisumiyoshi Ward, Osaka",🌃 לילה (ללא גשם חזק),"הגן הבוטני של teamLab:

• יצירת אמנות דיגיטלית מהפנטת בחושך המגיבה לתנועה ולרוח. כעת כשהשמש שקעה והפרדת אותה במנוחה, החוויה תהיה בשיאה.

💡 Plan B גשם:
בגשם קל התערוכה מרהיבה יותר. בסופה יש לדחות.

💡 המלצת רכישה: קנה אך ורק דרך אפליקציה! הפארק חשוך בלילה, מציגים את ה-QR קוד במסך מלא ועוברים.

[רמת עומס: 🟢 קל]

🍽️ פתרון תזונה: מכוסה בתכנון היומי — אוכל כשר שהוכן/נרכש מראש או חטיפים מהתיק.

🥤 שילוב חלבון: חטיף/שייק חלבון זמין בתיק — לצריכה לפי הצורך.

🔍 לסינון: מוזיאון / פארק","נמצא בתוך פארק נאגאי.

[יציאה מומלצת: יציאה 3 מהתחנה]",אוסקה - נאגאי,18:00 - 20:00,שעתיים,,"45 ₪ (~2,400 ¥)","🚨 חובה להזמין מראש: פתוח להזמנה חודשים מראש, מומלץ להזמין סביב 12/10/2026 (שבועיים מראש) ליתר ביטחון.
⏰ התראה: קבע/י תזכורת ליום פתיחת ההזמנות 12/10/2026 + תזכורת הכנה יום לפני (11/10/2026) — לוודא אמצעי תשלום, פרטים וזמינות.","רשמי: https://www.teamlab.art/e/botanicalgarden/
Klook: https://www.klook.com/search/result/?query=teamLab%20Botanical%20Garden%20Osaka
Trip: https://www.trip.com/things-to-do/list?pagetype=city&keyword=teamLab%20Botanical%20Garden%20Osaka&kwdfrom=srch&ext-searchpage=1
KKday: https://www.kkday.com/en/product/productlist/teamLab%20Botanical%20Garden%20Osaka
GetYourGuide: https://www.getyourguide.com/s?q=teamLab+Botanical+Garden+Osaka
Pelago: https://www.pelago.co/en-US/search/?keyword=teamLab%20Botanical%20Garden%20Osaka",≈ 0 דקות הליכה פנימית,https://www.google.com/maps/dir/?api=1&origin=Nagai+Park&destination=teamLab+Botanical+Garden+Osaka,,⚠️ שירותים,✓ תרסיס נגד יתושים לפארק | ✓ נעליים סגורות | ✓ סוללה טעונה | ✓ Power Bank וכבל

🏠,14 (שני),26/10/2026,🏠 MORI Apartment (Osaka),לינה | דירה,⭐⭐⭐⭐⭐ חובה,"2 Chome-10-7 Nipponbashi, Chuo Ward, Osaka",הכל (מקורה),"חזרה בטוחה לדירה בנאמבה למנוחה, ובישול ארוחת ערב!

• השעה מוקדמת ומונעת דוחק שיכורים חמור בתחנות אוסקה.
• השתמש במוצרים שרכשת בבוקר בשוק קורומון לארוחת ערב אישית מפנקת בדירה באמצעות הסירים והציוד שהשארת בתיק המתקפל במיוחד.

[רמת עומס: 🟢 קל]

💡 Plan B: אין צורך — זו נקודת לינה/מנוחה קבועה שכבר הוזמנה.

🍽️ פתרון תזונה: ארוחת ערב/בוקר בהכנה עצמאית בדירה או שאריות מהיום.

🥤 שילוב חלבון: חטיף/שייק חלבון זמין בתיק — לצריכה לפי הצורך.

🔍 לסינון: לינה",קו התחתית Midosuji מתחנת Nagai צפונה בחזרה אל תחנת Nippombashi.,אוסקה - נאמבה,20:45 - 08:30,מנוחה ולינה,,0 ₪,✅ כבר הוזמן מראש (דירה קבועה).,"רשמי: https://www.booking.com/
Klook: https://www.klook.com/search/result/?query=MORI%20Apartment%20Osaka
Trip: https://www.trip.com/things-to-do/list?pagetype=city&keyword=MORI%20Apartment%20Osaka&kwdfrom=srch&ext-searchpage=1
KKday: https://www.kkday.com/en/product/productlist/MORI%20Apartment%20Osaka
GetYourGuide: https://www.getyourguide.com/s?q=MORI+Apartment+Osaka
Pelago: https://www.pelago.co/en-US/search/?keyword=MORI%20Apartment%20Osaka",≈ 25 דקות בתחתית,https://www.google.com/maps/dir/?api=1&origin=Nagai+Botanical+Garden+Osaka&destination=2-10-7+Nipponbashi+Osaka,,⚠️ שירותים,✓ בישול בדירה | ✓ Power Bank וכבל




🌿,15 (שלישי),27/10/2026,Namba Parks Rooftop Gardens,טבע ופארקים | אדריכלות נוף,⭐⭐⭐ אם יש זמן,"2 Chome-10-70 Nambanaka, Naniwa Ward, Osaka",☀️ שמש / ☁️ מעונן,"גני הגג המרהיבים של קניון נמבה פארקס:

• הליכת בוקר רעננה בפרויקט אדריכלי עתידני של גנים מדורגים. ממוקם ממש על הדרך לתחנת Midosuji שתקח אותך לאקסטרים בצפון העיר.

[רמת עומס יומית: 🔴 קשה - ציר תנועה נרחב מאקסטרים לספא לקניות].

[בוקר רגוע: קום, התפלל, ארוחה קלה. עזיבת הדירה ב-09:45 למניעת עומס בוקר].

🍽️ פתרון תזונה יומי: סיום יום בבישול בדירה מהמוצרים שקנית אתמול.

🥤 שילוב חלבון: שייק חלבון מיד אחרי מתחם האקסטרים VS PARK.

💡 Plan B גשם: אם יורד גשם כבד — קיצור ההליכה ומעבר למתחם מקורה סמוך.

🔍 לסינון: פארק / קניות",הליכה רגלית קצרה של כ-10 דקות מהדירה אל קומפלקס נמבה פארקס.,אוסקה - נאמבה,10:00 - 10:45,45 דקות,,חינם,🚶‍♂️ אין צורך להזמין מראש: כניסה חופשית לגנים.,https://www.nambaparks.com/,≈ 10 דקות הליכה מהדירה,https://www.google.com/maps/dir/?api=1&origin=2-10-7+Nipponbashi+Osaka&destination=Namba+Parks+Rooftop+Gardens,,,✓ הליכה קלילה כחימום | ✓ Power Bank וכבל

🏃‍♂️,15 (שלישי),27/10/2026,VS PARK LaLaport EXPOCITY,אטרקציה | ספורט ואקסטרים מקורה,⭐⭐⭐⭐⭐ חובה,"2-1 Senribanpakukoen, Suita, Osaka",הכל (מקורה),"פארק הספורט הוירטואלי VS PARK:

• אקסטרים פיזי עתידני המשלב סימולטורים דיגיטליים, ריצה מול מסכי ענק ומשחקי מציאות רבודה.

💡 המלצת רכישה: מומלץ מאוד דרך אפליקציה. מקנה הנחות טובות שאין בקופות של הפארק ומונע ממך לעמוד בתורים הארוכים בכניסה לילדים שמחכים לשלם.

[רמת עומס: 🔴 גבוה]

💡 Plan B מזג אוויר/עומס: אם המתקן סגור (גשם/רוח) — מעבר למתקן מקורה סמוך או קיצור הביקור.

🍽️ פתרון תזונה: מכוסה בתכנון היומי — אוכל כשר שהוכן/נרכש מראש או חטיפים מהתיק.

🥤 שילוב חלבון: חטיף/שייק חלבון זמין בתיק — לצריכה לפי הצורך.

🔍 לסינון: פארק שעשועים / אקסטרים","ממתחם נמבה קח את Midosuji צפונה לתחנת Senri-🔵 Chuo, והחלף ל-Osaka Monorail מזרחה לתחנת Bampaku-Kinen-Koen.",אוסקה - צפון (סויטה),12:00 - 15:00,3 שעות,,"75 ₪ (~4,000 ¥)","🚨 מומלץ להזמין מראש: החל מ-13/10/2026 (שבועיים מראש) להבטחת המקום במחיר מוזל.
⏰ התראה: קבע/י תזכורת ליום פתיחת ההזמנות 13/10/2026 + תזכורת הכנה יום לפני (12/10/2026) — לוודא אמצעי תשלום, פרטים וזמינות.","רשמי: https://bandainamco-am.co.jp/others/vspark/
Klook: https://www.klook.com/search/result/?query=VS%20PARK%20LaLaport%20EXPOCITY
Trip: https://www.trip.com/things-to-do/list?pagetype=city&keyword=VS%20PARK%20LaLaport%20EXPOCITY&kwdfrom=srch&ext-searchpage=1
KKday: https://www.kkday.com/en/product/productlist/VS%20PARK%20LaLaport%20EXPOCITY
GetYourGuide: https://www.getyourguide.com/s?q=VS+PARK+LaLaport+EXPOCITY
Pelago: https://www.pelago.co/en-US/search/?keyword=VS%20PARK%20LaLaport%20EXPOCITY",≈ 75 דקות (כולל זמן החלפה ורכישת כרטיס),https://www.google.com/maps/dir/?api=1&origin=Namba+Parks+Rooftop+Gardens&destination=VS+PARK+LaLaport+EXPOCITY,,,✓ בגדי ספורט ונעלי ריצה נוחות! | ✓ Power Bank וכבל

🎡,15 (שלישי),27/10/2026,Redhorse Osaka Wheel,אטרקציה | גלגל ענק,⭐⭐⭐⭐ מומלץ,"Suita, Osaka",☀️ שמש / ראות טובה,"הגלגל הענק הגבוה ביפן (123 מטר):

• קרון עם רצפה שקופה לחלוטין! ממוקם ממש בחוץ למתחם VS PARK אז זה משתלב מושלם להרגעת הדופק.

[רמת עומס: 🟡 בינוני]

💡 Plan B: אם עמוס/סגור — מעבר לאטרקציה מקורה סמוכה או קיצור הביקור.

🍽️ פתרון תזונה: מכוסה בתכנון היומי — אוכל כשר שהוכן/נרכש מראש או חטיפים מהתיק.

🥤 שילוב חלבון: חטיף/שייק חלבון זמין בתיק — לצריכה לפי הצורך.

🔍 לסינון: אטרקציה / תצפית",הליכה של 2 דקות החוצה ממתחם VS PARK / LaLaport.,אוסקה - סויטה,15:15 - 16:00,45 דקות,,"כ-20 ₪ (~1,000 ¥)",🚶‍♂️ רכישת כרטיס בקופות למטה.,"רשמי: https://osaka-wheel.com/
Klook: https://www.klook.com/search/result/?query=Redhorse%20Osaka%20Wheel
Trip: https://www.trip.com/things-to-do/list?pagetype=city&keyword=Redhorse%20Osaka%20Wheel&kwdfrom=srch&ext-searchpage=1
KKday: https://www.kkday.com/en/product/productlist/Redhorse%20Osaka%20Wheel
GetYourGuide: https://www.getyourguide.com/s?q=Redhorse+Osaka+Wheel
Pelago: https://www.pelago.co/en-US/search/?keyword=Redhorse%20Osaka%20Wheel",≈ 15 דקות הליכה,https://www.google.com/maps/dir/?api=1&origin=VS+PARK+LaLaport+EXPOCITY&destination=Redhorse+Osaka+Wheel,,⚠️ שירותים,✓ ללא פחד גבהים (רצפה שקופה) | ✓ Power Bank וכבל

♨️,15 (שלישי),27/10/2026,Solaniwa Onsen,ספא ומרחצאות | אונסן,⭐⭐⭐⭐ מומלץ,"1 Chome-2-3 Benten, Minato Ward, Osaka",הכל (מקורה),"פארק מרחצאות האונסן וספא ענק Solaniwa Onsen:

• קומפלקס בריאות מעוצב בסגנון עיירת אדו עתיקה להתאוששות פיזית מוחלטת לאחר האקסטרים של הבוקר!
💡 רחצה באונסן היא בעירום מלא ומופרדת מגדרית. השתמש במגבת הקטנה כדי לכסות את אזור החלציים בזמן ההליכה מחוץ למים, והנח אותה על הראש בעת הכניסה למים.

💡 המלצת רכישה: אל תקנה בקופה! האפליקציות מציעות לרוב כרטיסים מוזלים, וההפעלה מתבצעת בשירות העצמי בכניסה בצורה קלילה באנגלית.

[רמת עומס: 🟢 קל]

💡 Plan B: אם עמוס/סגור — קיצור השהייה או מעבר לאזור המנוחה המקורה של המתחם.

🍽️ פתרון תזונה: מכוסה בתכנון היומי — אוכל כשר שהוכן/נרכש מראש או חטיפים מהתיק.

🥤 שילוב חלבון: חטיף/שייק חלבון זמין בתיק — לצריכה לפי הצורך.

🔍 לסינון: מרחצאות / ספא","מתחנת פארק אקספו קח מונורייל מערבה לתחנת Hotarugaike והחלף לקו JR Osaka Loop Line לתחנת Bentencho.

[יציאה מומלצת: יציאה 2A מחוברת ישירות לספא]",אוסקה - מפרץ,17:00 - 19:00,שעתיים,,"65 ₪ (~3,500 ¥)","🚨 מומלץ להזמין מראש: החל מ-13/10/2026 (שבועיים מראש) לקבלת ההנחה.
⏰ התראה: קבע/י תזכורת ליום פתיחת ההזמנות 13/10/2026 + תזכורת הכנה יום לפני (12/10/2026) — לוודא אמצעי תשלום, פרטים וזמינות.","רשמי: https://solaniwa.com/en-us/
Klook: https://www.klook.com/search/result/?query=Solaniwa%20Onsen
Trip: https://www.trip.com/things-to-do/list?pagetype=city&keyword=Solaniwa%20Onsen&kwdfrom=srch&ext-searchpage=1
KKday: https://www.kkday.com/en/product/productlist/Solaniwa%20Onsen
GetYourGuide: https://www.getyourguide.com/s?q=Solaniwa+Onsen
Pelago: https://www.pelago.co/en-US/search/?keyword=Solaniwa%20Onsen",≈ 60 דקות (מונורייל + רכבת),https://www.google.com/maps/dir/?api=1&origin=Redhorse+Osaka+Wheel&destination=Solaniwa+Onsen+Osaka,,⚠️ שירותים,✓ בגדים נקיים להחלפה | ✓ תיק רחצה בסיסי (שאר הציוד מסופק שם) | ✓ Power Bank וכבל

💆‍♂️,15 (שלישי),27/10/2026,Solaniwa Relaxation Salon (Massage),ספא ומרחצאות | טיפולים,⭐⭐⭐⭐ מומלץ,"1 Chome-2-3 Benten, Minato Ward, Osaka",הכל (מקורה),"סלון הטיפולים של סולאניווא:

• עיסוי כפות רגליים או גוף (Reflexology) לשחרור מוחלט של שרירי הגב לפני המשך הערב.

[רמת עומס: 🟢 קל]

💡 Plan B: אם עמוס/סגור — קיצור השהייה או מעבר לאזור המנוחה המקורה של המתחם.

🍽️ פתרון תזונה: מכוסה בתכנון היומי — אוכל כשר שהוכן/נרכש מראש או חטיפים מהתיק.

🥤 שילוב חלבון: חטיף/שייק חלבון זמין בתיק — לצריכה לפי הצורך.

🔍 לסינון: ספא / רפואי",נמצא ישירות בתוך מתחם Solaniwa Onsen בקומה הייעודית.,אוסקה - מפרץ,19:00 - 20:00,שעה,,"כ-140 ₪ (~7,500 ¥)","🚨 מומלץ לשריין תור בקבלה מיד עם כניסתך לאונסן בצהריים!
⏰ התראה: קבע תזכורת ליום ההגעה (27/10/2026) לשעות הצהריים, כדי לגשת לדלפק ולשריין תור מיד עם הכניסה לאונסן.
","רשמי: https://solaniwa.com/en-us/
Klook: https://www.klook.com/search/result/?query=Solaniwa%20Onsen
Trip: https://www.trip.com/things-to-do/list?pagetype=city&keyword=Solaniwa%20Onsen&kwdfrom=srch&ext-searchpage=1
KKday: https://www.kkday.com/en/product/productlist/Solaniwa%20Onsen
GetYourGuide: https://www.getyourguide.com/s?q=Solaniwa+Onsen
Pelago: https://www.pelago.co/en-US/search/?keyword=Solaniwa%20Onsen",נמצא בתוך האונסן (0 דקות),https://www.google.com/maps/dir/?api=1&origin=Solaniwa+Onsen+Osaka&destination=Solaniwa+Onsen+Osaka,,⚠️ שירותים,✓ להירגע ולשתות מים | ✓ Power Bank וכבל

🛍.,15 (שלישי),27/10/2026,Shinsaibashi PARCO,קניות | אופנה ותרבות פופ,⭐⭐⭐ אם יש זמן,"1 Chome-8-3 Shinsaibashisuji, Chuo Ward, Osaka",הכל (מקורה),"קניון שינסאיבאשי פארוקו:

• חזרה למרכז העיר. קומה 6 היא גן עדן לחובבי תרבות פופ, הכוללת חנויות רשמיות של Capcom ופיגרים מיוחדים.

[רמת עומס: 🟡 בינוני]

💡 Plan B: אם עמוס/סגור — מעבר לחנות/קומביני סמוך או קיצור הביקור.

🍽️ פתרון תזונה: מכוסה בתכנון היומי — אוכל כשר שהוכן/נרכש מראש או חטיפים מהתיק.

🥤 שילוב חלבון: חטיף/שייק חלבון זמין בתיק — לצריכה לפי הצורך.

🔍 לסינון: קניות","מתחנת Bentencho קח קו 🔵 Chuo Line לתחנת Hommachi, והחלף דרומה לקו Midosuji לתחנת Shinsaibashi.

[יציאה מומלצת: יציאה 4-A]",אוסקה - שינסאיבאשי,20:30 - 21:30,שעה,,"כניסה: 0₪ | קניות (אופציונלי): כ-185 ₪ (~10,000 ¥)",🚶‍♂️ אין צורך להזמין מראש.,https://shinsaibashi.parco.jp/,≈ 30 דקות בתחתית,https://www.google.com/maps/dir/?api=1&origin=Solaniwa+Onsen+Osaka&destination=Shinsaibashi+PARCO,,⚠️ שירותים,✓ דרכון (ל-Tax Free) | ✓ Power Bank וכבל

🍽️,15 (שלישי),27/10/2026,Dotonbori,אטרקציה עירונית | חיי לילה ואוכל,⭐⭐⭐⭐⭐ חובה,"1 Chome-9 Dotonbori, Chuo Ward, Osaka",🌃 לילה,"סיבוב פרידה לילי מדוטונבורי האייקוני:

• צפייה באורות הניאון, צילום איש הגליקו הרץ (Glico Man) ואווירת רחוב מחשמלת שמחברת אותך ישירות לדירה בסיום המסלול.

💡 בצע פה (בחנויות נוחות או סופרים) קניית אוכל לבישול ארוחת הערב בדירה (במקום לשבת במסעדה).

[רמת עומס: 🟢 קל]

💡 Plan B: אם המקום סגור/יקר/עמוס — קניית מצרכים כשרים בסופר/קומביני והכנה עצמאית בדירה.

🍽️ פתרון תזונה: מכוסה בתכנון היומי — אוכל כשר שהוכן/נרכש מראש או חטיפים מהתיק.

🥤 שילוב חלבון: חטיף/שייק חלבון זמין בתיק — לצריכה לפי הצורך.

🔍 לסינון: אטרקציה / חיי לילה / אוכל",ירידה רגלית דרומה לאורך מדרחוב שינסאיבאשי עד לגשר תעלת דוטונבורי ומשם לדירה.,אוסקה - דרום,21:30 - 22:30,שעה,,"כ-92 ₪ (~5,000 ¥)",🚶‍♂️ אין צורך להזמין מראש: סיור רחוב.,,≈ 15 דקות הליכה רצופה דרומה,https://www.google.com/maps/dir/?api=1&origin=Shinsaibashi+PARCO&destination=Dotonbori+Osaka,,⚠️ שירותים,✓ מצלמה מוכנה | ✓ Power Bank וכבל

🏠,15 (שלישי),27/10/2026,🏠 MORI Apartment (Osaka),לינה | דירה,⭐⭐⭐⭐⭐ חובה,"2 Chome-10-7 Nipponbashi, Chuo Ward, Osaka",הכל (מקורה),"חזרה בטוחה לדירה בנאמבה ללילה אחרון באוסקה.

• בישול ארוחת ערב במטבח הדירה (באמצעות הציוד שבתיק המתקפל) ואריזת התיק. 
• חזרה מוקדמת מונעת הצטופפות עם שיכורי חצות בתחנת נאמבה העמוסה.

[חלון זמן צ'ק-אאוט מחר בבוקר: עד 11:00].

[רמת עומס: 🟢 קל]

💡 Plan B: אין צורך — זו נקודת לינה/מנוחה קבועה שכבר הוזמנה.

🍽️ פתרון תזונה: ארוחת ערב/בוקר בהכנה עצמאית בדירה או שאריות מהיום.

🥤 שילוב חלבון: חטיף/שייק חלבון זמין בתיק — לצריכה לפי הצורך.

🔍 לסינון: לינה",הליכה רגלית נוחה מדוטונבורי מזרחה אל הדירה.,אוסקה - נאמבה,22:45 - 08:30,לינה,,0 ₪,✅ כבר הוזמן מראש (צ'ק אאוט מחר עד 11:00).,"רשמי: https://www.booking.com/
Klook: https://www.klook.com/search/result/?query=MORI%20Apartment%20Osaka
Trip: https://www.trip.com/things-to-do/list?pagetype=city&keyword=MORI%20Apartment%20Osaka&kwdfrom=srch&ext-searchpage=1
KKday: https://www.kkday.com/en/product/productlist/MORI%20Apartment%20Osaka
GetYourGuide: https://www.getyourguide.com/s?q=MORI+Apartment+Osaka
Pelago: https://www.pelago.co/en-US/search/?keyword=MORI%20Apartment%20Osaka",≈ 15 דקות הליכה בחזרה,https://www.google.com/maps/dir/?api=1&origin=Dotonbori+Osaka&destination=2-10-7+Nipponbashi+Osaka,,⚠️ שירותים,✓ אריזת התיק הקטן ועזיבה מחר | ✓ Power Bank וכבל




🛝,16 (רביעי),28/10/2026,Tsutenkaku Tower Slider,אטרקציה | אקסטרים,⭐⭐⭐⭐ מומלץ,"1 Chome-18-6 Ebisuhigashi, Naniwa Ward, Osaka",הכל (מקורה),"מגלשת הצינור הספירלית (Tower Slider) במגדל צוטנקאקו:

• חוויית אקסטרים מהירה לפתיחת הבוקר. אתה מגיע קל עם תיק הגב (ותיק הצ'ימידן המתקפל אם איתך), ותוכל פשוט להמשיך להנות. העוגן הראשון של הבוקר.

[רמת עומס יומית: 🔴 קשה - יום עלייה צפונה לקראת נסיעת הלילה].

[בוקר רגוע: קום, תפילה, ארוחת בוקר שאריות. עזיבת דירה ב-09:45 למניעת היתקעות בעומס בוקר].

🍽️ פתרון תזונה יומי: ארוחת וואגיו כשר (Yu-chan) בערב לקינוח הטיול!

🍫 שילוב חלבון: חטיף חלבון באוטובוס הלילה לטוקיו.

💡 Plan B מזג אוויר/עומס: אם המתקן סגור (גשם/רוח) — מעבר למתקן מקורה סמוך או קיצור הביקור.

🔍 לסינון: אטרקציה / אקסטרים","לאחר עזיבת הדירה, נסע לתחנת Ebisucho הסמוכה (10 דקות).

[יציאה מומלצת: יציאה 3]",אוסקה - שינסקאי,10:00 - 11:00,שעה,,"25 ₪ (~1,350 ¥)",🚶‍♂️ תשלום במכונות בכניסה למגדל (לא ניתן לשריון).,https://www.tsutenkaku.co.jp/,≈ 15 דקות (תחתית + הליכה),https://www.google.com/maps/dir/?api=1&origin=2-10-7+Nipponbashi+Osaka&destination=Tsutenkaku+Osaka,,⚠️ שירותים,✓ כיסים סגורים למגלשה | ✓ Power Bank וכבל

♨️,16 (רביעי),28/10/2026,SPAWORLD HOTEL & RESORT,ספא ומרחצאות | פארק מים ומרחצאות,⭐⭐⭐⭐ מומלץ,"3 Chome-4-24 Ebisuhigashi, Naniwa Ward, Osaka",הכל (מקורה),"פארק המים וקומפלקס המרחצאות SpaWorld:

• אונסן במגוון נושאים מעוצבים מכל העולם. מקום מצוין להעברת שעות הצהריים ברוגע ולמקלחת יסודית לפני נסיעת הלילה באוטובוס.

💡 שימוש בשקיות זיפלוק/גופיה: לאחר הרחצה, הכנס את הבגדים הלחים או המגבת לשקית זיפלוק כדי להפריד אותם מהאלקטרוניקה שבתיק הגב שלך.

💡 המלצת רכישה: Trip.com ו-Klook תמיד מציעים הנחות טובות לקומפלקס הזה במיוחד. בנוסף זה חוסך לך להתעסק עם המכונות האוטומטיות היפניות הענקיות בכניסה למקום.

[רמת עומס: 🟢 קל]

💡 Plan B: אם עמוס/סגור — קיצור השהייה או מעבר לאזור המנוחה המקורה של המתחם.

🍽️ פתרון תזונה: מכוסה בתכנון היומי — אוכל כשר שהוכן/נרכש מראש או חטיפים מהתיק.

🥤 שילוב חלבון: חטיף/שייק חלבון זמין בתיק — לצריכה לפי הצורך.

🔍 לסינון: מרחצאות / פארק מים",הליכה קצרה של 4 דקות מפתח מגדל צוטנקאקו אל הקומפלקס.,אוסקה - שינסקאי,11:00 - 13:30,שעתיים וחצי,,"40 ₪ (~2,200 ¥)","🚨 מומלץ להזמין מראש: החל מ-14/10/2026 (שבועיים מראש) או אף בבוקר אותו היום מאחת האפליקציות.
⏰ התראה: קבע/י תזכורת ליום פתיחת ההזמנות 14/10/2026 + תזכורת הכנה יום לפני (13/10/2026) — לוודא אמצעי תשלום, פרטים וזמינות.","רשמי: https://www.spaworld.co.jp/english/
Klook: https://www.klook.com/search/result/?query=SpaWorld%20Osaka
Trip: https://www.trip.com/things-to-do/list?pagetype=city&keyword=SpaWorld%20Osaka&kwdfrom=srch&ext-searchpage=1
KKday: https://www.kkday.com/en/product/productlist/SpaWorld%20Osaka
GetYourGuide: https://www.getyourguide.com/s?q=SpaWorld+Osaka
Pelago: https://www.pelago.co/en-US/search/?keyword=SpaWorld%20Osaka",≈ 5 דקות הליכה,https://www.google.com/maps/dir/?api=1&origin=Tsutenkaku+Osaka&destination=SpaWorld+Osaka,,⚠️ שירותים,✓ דרכון | ✓ Power Bank וכבל

💻,16 (רביעי),28/10/2026,Yodobashi Camera Umeda,קניות | טכנולוגיה ואלקטרוניקה,⭐⭐⭐⭐⭐ חובה,"1-1 Ofukacho, Kita Ward, Osaka",הכל (מקורה),"בלוק זמן ענק ונטול לחץ באומדה המשמש כחוצץ חינמי!

• מפריד בדיוק בין האונסן לטיפול הכירופרקטי, ומאפשר לך לשוטט בחנות הדגל המטורפת Yodobashi Camera לשופינג PC קצה, אודיו וחומרה ללא לחץ זמנים. מתחם אומדה משמש כבסיס ההמתנה המצוין לקראת האוטובוס.

[רמת עומס: 🟡 בינוני]

💡 Plan B: אם עמוס/סגור — מעבר לחנות/קומביני סמוך או קיצור הביקור.

🍽️ פתרון תזונה: מכוסה בתכנון היומי — אוכל כשר שהוכן/נרכש מראש או חטיפים מהתיק.

🥤 שילוב חלבון: חטיף/שייק חלבון זמין בתיק — לצריכה לפי הצורך.

🔍 לסינון: קניות / טכנולוגיה","עליה על קו Midosuji Line מתחנת Dobutsuen-mae (ליד ספא וורלד) ישירות צפונה אל תחנת Umeda.

[יציאה מומלצת: יציאה צפונית מחוברת למרתף הבניין]",אוסקה - אומדה,14:15 - 16:45,שעתיים וחצי,,חינם,🚶‍♂️ הצג דרכון בקופה לקבלת פטור ממס.,"רשמי: https://www.yodobashi.com/
Klook: https://www.klook.com/search/result/?query=Yodobashi%20Camera%20Umeda
Trip: https://www.trip.com/things-to-do/list?pagetype=city&keyword=Yodobashi%20Camera%20Umeda&kwdfrom=srch&ext-searchpage=1
KKday: https://www.kkday.com/en/product/productlist/Yodobashi%20Camera%20Umeda
GetYourGuide: https://www.getyourguide.com/s?q=Yodobashi+Camera+Umeda
Pelago: https://www.pelago.co/en-US/search/?keyword=Yodobashi%20Camera%20Umeda",≈ 25 דקות בתחתית,https://www.google.com/maps/dir/?api=1&origin=SpaWorld+Osaka&destination=Yodobashi+Camera+Umeda,,⚠️ שירותים,✓ דרכון פיזי ל-Tax Free | ✓ כרטיס אשראי | ✓ Power Bank וכבל

💆‍♂️,16 (רביעי),28/10/2026,Karada Factory (Seitai Clinic),ספא ומרחצאות | כירופרקטיקה,⭐⭐⭐⭐ מומלץ,"LINKS UMEDA 6F, 1-1 Ofukacho, Kita Ward, Osaka",הכל (מקורה),"קליניקת הכירופרקטיקה (Seitai):

• ריענון ושחרור כירופרקטי מוחלט של הגב והגוף קריטי לחלוטין לפני נסיעת הלילה באוטובוס.

[רמת עומס: 🟢 קל]

💡 Plan B: אם עמוס/סגור — קיצור השהייה או מעבר לאזור המנוחה המקורה של המתחם.

🍽️ פתרון תזונה: מכוסה בתכנון היומי — אוכל כשר שהוכן/נרכש מראש או חטיפים מהתיק.

🥤 שילוב חלבון: חטיף/שייק חלבון זמין בתיק — לצריכה לפי הצורך.

🔍 לסינון: ספא / רפואי",נמצאת ישירות באותו בניין עצמו של מתחם Yodobashi בקומה ה-6.,אוסקה - אומדה,17:00 - 18:00,שעה,,"כ-160 ₪ (~8,600 ¥)","🚨 מומלץ להזמין באתר יום לפני או לגשת ולשריין תור בצהריים.
⏰ התראה: קבע תזכורת ליום לפני (27/10/2026) להזמנת תור באתר, או תזכורת לצהרי יום ההגעה כדי לשריין תור פיזית במקום.
.",https://karada39.com/,מעבר בין קומות באותו בניין (5 דקות),https://www.google.com/maps/dir/?api=1&origin=Yodobashi+Camera+Umeda&destination=Yodobashi+Camera+Umeda,,⚠️ שירותים,✓ ביגוד נוח ומשוחרר | ✓ Power Bank וכבל

🍄,16 (רביעי),28/10/2026,Nintendo OSAKA & Pokemon Center,קניות | גיימינג ותרבות פופ,⭐⭐⭐⭐⭐ חובה,"Daimaru Umeda 13F, 3-1-1 Umeda, Kita Ward, Osaka",הכל (מקורה),"חנויות נינטנדו ופוקימון סנטר:

• השלמת מרצ'נדייז בלעדיים, גאדג'טים ומוצרי אספנות של הרגע האחרון. משמש כחוצץ פתוח וחינמי נהדר לפני שאתה הולך לארוחת הוואגיו המוזמנת מראש!

[רמת עומס: 🟡 בינוני]

💡 Plan B: אם עמוס/סגור — מעבר לחנות/קומביני סמוך או קיצור הביקור.

🍽️ פתרון תזונה: מכוסה בתכנון היומי — אוכל כשר שהוכן/נרכש מראש או חטיפים מהתיק.

🥤 שילוב חלבון: חטיף/שייק חלבון זמין בתיק — לצריכה לפי הצורך.

🔍 לסינון: קניות / אטרקציה","הליכה במעבר התת-קרקעי לבניין כלבו Daimaru Umeda הסמוך, קומה 13.",אוסקה - אומדה,18:00 - 19:00,שעה,,"כניסה: 0₪ | קניות (אופציונלי): כ-185 ₪ (~10,000 ¥) אם קונה משהו",🚶‍♂️ אין צורך להזמין מראש.,https://www.nintendo.co.jp/officialstore/,≈ 10 דקות הליכה תת קרקעית,https://www.google.com/maps/dir/?api=1&origin=Yodobashi+Camera+Umeda&destination=Nintendo+OSAKA+Daimaru+Umeda,,⚠️ שירותים,✓ חופשי | ✓ Power Bank וכבל

🍽️,16 (רביעי),28/10/2026,Yu-chan (Kosher Wagyu Restaurant),מסעדה | אוכל כשר (בשרים),⭐⭐⭐⭐⭐ חובה,"1-9-15 Sonezakishinchi, Kita Ward, Osaka",הכל (מקורה),"מסעדת יו-צ'אן (ארוחת וואגיו כשר):

• ארוחת טעימות (Omakase) כשרה ואותנטית, סיום מרהיב לאוסקה ולטיול.

💡 אופציה חלופית (Plan B): אם המסעדה יקרה מדי ואינך מעוניין, ניתן לארגן ארוחת סיום מפנקת ממצרכים וסשימי טרי שנקנו מוקדם יותר בשוק קורומון או בסופר, ולהכין עצמאית. (ניתן גם להזמין בנטו כשר מ-Kosher Delica לאיסוף לאותו ערב).

[רמת עומס: 🟢 קל]

🍽️ פתרון תזונה: מכוסה בתכנון היומי — אוכל כשר שהוכן/נרכש מראש או חטיפים מהתיק.

🥤 שילוב חלבון: חטיף/שייק חלבון זמין בתיק — לצריכה לפי הצורך.

🔍 לסינון: מסעדה / אוכל",הליכה קצרה ממתחם Daimaru Umeda ישירות לתוך סמטאות Sonezakishinchi.,אוסקה - אומדה,19:15 - 20:45,שעה וחצי,,כ-500-1000 ₪ (בהתאם למנה),"🚨 חובה להזמין מראש (כחודש מראש, החל מ-28/09/2026) ולסמן תפריט Kosher Omakase! ⏰ התראה: קבע תזכורת להזמנה ב-28/09/2026 + תזכורת הכנה יום לפני (27/09/2026) — לוודא אמצעי תשלום, פרטים וזמינות.
.","TableCheck https://www.tablecheck.com/he/japanese-restaurant-yu-chan
פייסבוק (וואצאפ) https://www.facebook.com/japaneserestaurantyyuchan/
Tabelog https://tabelog.com/en/osaka/A2701/A270108/27133716/",כ-15 דקות הליכה,https://www.google.com/maps/dir/?api=1&origin=Nintendo+OSAKA+Daimaru+Umeda&destination=Japanese+Restaurant+Yu-chan+Osaka,,⚠️ שירותים,✓ הזמנה ותשלום מראש | ✓ Power Bank וכבל

🍽️,16 (רביעי),28/10/2026,Seven Eleven (Umeda Sky Building),קניות | חנות נוחות,⭐⭐⭐⭐ מומלץ,"1 Chome-1-88 Oyodonaka, Kita Ward, Osaka",הכל (מקורה),"הצטיידות לאוטובוס (חנות נוחות):
• הוקדם כדי לשמש כחוצץ חינמי! קניית מים, חטיפים כשרים ומזון קל לנסיעת הלילה המפרידה בין ארוחת הערב לתצפית העוקבת.

[רמת עומס: 🟢 קל]

💡 המלצת רכישה: מומלץ לקנות את הכרטיס דרך Klook או אפליקציה אחרת - זה מאפשר לך לעלות ישירות למעליות של הקומה ה-39 מבלי לעמוד בתור לקופות למטה בקומת הקרקע.

💡 Plan B: אם סגור — קומביני חלופי סמוך (רובם פתוחים 24/7).

🍽️ פתרון תזונה: מכוסה בתכנון היומי — אוכל כשר שהוכן/נרכש מראש או חטיפים מהתיק.

🥤 שילוב חלבון: חטיף/שייק חלבון זמין בתיק — לצריכה לפי הצורך.

🔍 לסינון: קניות / חנות נוחות / אוכל",בקומת הקרקע או בסמוך למגדל אומדה סקיי שאליו תלך מיד אחרי.,אומדה,21:00 - 21:15,15 דקות,,"כניסה: 0₪ | קניות (אופציונלי): כ-35 ₪ (~1,900 ¥)",🚶‍♂️ תשלום בקופה במקום.,https://www.sej.co.jp/,≈ 15 דקות הליכה מיו-צ'אן אל מתחם אומדה סקיי,https://www.google.com/maps/dir/?api=1&origin=Japanese+Restaurant+Yu-chan+Osaka&destination=Umeda+Sky+Building,,⚠️ שירותים,✓ הצטיידות לאוטובוס לילה | ✓ Power Bank וכבל

🏙️,16 (רביעי),28/10/2026,Umeda Sky Building,אטרקציה | תצפית,⭐⭐⭐⭐ מומלץ,"1 Chome-1-88 Oyodonaka, Kita Ward, Osaka",🌃 לילה,"מגדל אומדה סקיי:

• מצפה אדריכלי פנורמי מרהיב ודרגנוע זכוכית התלוי באוויר! מבט פנורמי מושלם של פרידה מאוסקה.
[הערה: התצפית משמשת כחדר המתנה יוקרתי לאוטובוס שיוצא בדיוק מאותו הבניין, לכן הרצף כאן לאוטובוס הלילה הוא טבעי וישיר].

💡 Plan B גשם:
התצפית הפנימית הזכוכית פתוחה ומציעה נוף מוגן מלא.

💡 המלצת רכישה: מומלץ לקנות את הכרטיס דרך Klook או אפליקציה אחרת.

[רמת עומס: 🟡 בינוני]

🍽️ פתרון תזונה: מכוסה בתכנון היומי — אוכל כשר שהוכן/נרכש מראש או חטיפים מהתיק.

🥤 שילוב חלבון: חטיף/שייק חלבון זמין בתיק — לצריכה לפי הצורך.

🔍 לסינון: תצפית / אטרקציה",כבר נמצא במתחם.,אוסקה - אומדה,21:15 - 22:15,שעה,,"40 ₪ (~2,150 ¥)","🚨 מומלץ להזמין מראש: החל מ-14/10/2026 (שבועיים מראש).
⏰ התראה: קבע/י תזכורת ליום פתיחת ההזמנות 14/10/2026 + תזכורת הכנה יום לפני (13/10/2026) — לוודא אמצעי תשלום, פרטים וזמינות.","רשמי: https://www.skybldg.co.jp/en/
Klook: https://www.klook.com/search/result/?query=Umeda%20Sky%20Building
Trip: https://www.trip.com/things-to-do/list?pagetype=city&keyword=Umeda%20Sky%20Building&kwdfrom=srch&ext-searchpage=1
KKday: https://www.kkday.com/en/product/productlist/Umeda%20Sky%20Building
GetYourGuide: https://www.getyourguide.com/s?q=Umeda+Sky+Building
Pelago: https://www.pelago.co/en-US/search/?keyword=Umeda%20Sky%20Building",≈ 2 דקות עלייה במעלית,https://www.google.com/maps/dir/?api=1&origin=Umeda+Sky+Building&destination=Umeda+Sky+Building,,⚠️ שירותים,✓ ז'קט למרפסת התצפית | ✓ Power Bank וכבל

🚌,16 (רביעי),28/10/2026,WILLER EXPRESS Bus Terminal Osaka Umeda,תחבורה | אוטובוס לילה | לינה,⭐⭐⭐⭐⭐ חובה,"1 Chome-1-88 Oyodonaka, Kita Ward, Osaka",הכל,"אוטובוס לילה VIP מאוסקה לטוקיו (WILLER EXPRESS, אוטובוס SY264):

• יציאה: 28/10/2026 (רביעי) בשעה 22:30 ממסוף WILLER אוסקה אומדה (Umeda Sky Building, מגדל מזרחי, קומת קרקע 1F).
• הגעה: 29/10/2026 (חמישי) בשעה 08:00 למסוף Bus Terminal Tokyo Yaesu (TOKYO MIDTOWN YAESU, קומה B2).
• מושב: Relax [אזור קדמי], רכב מס' 1, מושב 04A. הפעלה בשני נהגים, מרחק ~519 ק""מ.

• מגיעים קלילים: הכנס את התיק הקטן עם הסירים והתבלינים לתא המטען התחתון, ועלה קל לתא הנוסעים.
• מושבי Relax נשכבים — מבטיחים שינה טובה בלילה.

🚨 שים לב: אין שירותים באוטובוס (WILLER) — יש להתפנות לפני העלייה ובעצירות השירות בדרך. 💡 נצל את ההמתנה במסוף המקורה כדי לצחצח שיניים ולהחליף לבגדים נוחים לשינה לפני העלייה!, לדאוג לסוודר אם יהיה קר במזגן.

[מרווח ביטחון: הגעה למסוף ב-22:20, 10 דקות לפני].

[רמת עומס: 🟢 קל — נסיעת לילה לשינה]

💡 Plan B: המסוף מקורה בקומת הקרקע של הבניין; אפשר להמתין בפנים עד ההעלאה. ניתן לשנות מועד/אוטובוס דרך שירות ההחלפה של WILLER ללא דמי ביטול.

🍽️ פתרון תזונה: הצטיידות בקומביני שלפני העלייה (מים, חטיפים כשרים ומזון קל לנסיעה).

🥤 שילוב חלבון: חטיף/שייק חלבון באוטובוס במהלך הלילה.

🔍 לסינון: תחבורה / אוטובוס לילה / לינה","הליכה קצרה בחזרה אל מסוף Willer הממוקם בדיוק בקומת הקרקע של Umeda Sky Building.

[הנחיית נסיעה: ❌ כרטיס IC לא תקף, הצג קוד QR].",אוסקה - אומדה,22:30 (יציאה) → 08:00 (הגעה),לילה שלם (נסיעה),,"101 ₪ (~5,430 ¥)","✅ כבר הוזמן ושולם — 5,430 ¥ (≈ 101 ₪) בכרטיס אשראי. מס' הזמנה: 43342244.
⏰ ביטול/שינוי: חינם עד 8 ימים לפני (עד 20/10/2026) | 30% מהמחיר ב-7 עד 2 ימים לפני | 50% יום לפני/יום היציאה | 100% לאחר היציאה.
💡 שירות החלפת אוטובוס: ניתן לשנות מועד/אוטובוס/תוכנית ללא דמי ביטול עד 10 דקות לפני היציאה (הזמנות אונליין בלבד, בתוך קווי WILLER/STAR EXPRESS).",רשמי: https://willerexpress.com/en/ | תמיכה בנסיעה: https://willer-travel.com/st/3/en/pc/voice/input.html?mid=263,≈ 2 דקות ירידה למסוף,https://www.google.com/maps/dir/?api=1&origin=Umeda+Sky+Building&destination=WILLER+EXPRESS+Bus+Terminal+Osaka+Umeda,,⚠️ שירותים,✓ כרית צוואר | ✓ בקבוק מים | ✓ אטמי אוזניים וכיסוי עיניים | ✓ סוודר למזגן | ✓ Power Bank וכבל




🌳,17 (חמישי),29/10/2026,Ueno Park,טבע ופארקים | פארק עירוני,⭐⭐⭐ אם יש זמן,"5-20 Uenokoen, Taito City, Tokyo",☀️ שמש / ☁️ מעונן,"פארק אואנו:

• הגעה מוקדמת באוטובוס הלילה. 🚨 חובה: הדבר הראשון שתעשה בתחנת אואנו זה לנעול את תיק הצ'ימידן עם הסירים ב-Coin Locker! רק לאחר מכן צא להליכת בוקר שקטה בפארק כשאתה מתנייד קליל באמת, רק עם תיק הגב הקטן.

[רמת עומס יומית: 🟢 קל - יום טיסה שניתן להוסיף לו פעילויות].

[בוקר רגוע: התרעננות בתחנה לאחר אוטובוס הלילה, תפילה וארוחה קלה].

🍽️ פתרון תזונה יומי: קניות אחרונות באואנו, ומזון כשר בטיסה.

🥤 שילוב חלבון: שייק חלבון בבוקר בפארק אואנו.

💡 Plan B גשם: אם יורד גשם כבד — קיצור ההליכה ומעבר למתחם מקורה סמוך.

🔍 לסינון: פארק","קח רכבת עירונית קצרה אל תחנת Ueno Station והכנס ישירות לפארק.

[יציאה מומלצת: Ueno Station - Park Exit]",טוקיו - אואנו,09:00 - 09:45,45 דקות,,חינם,🚶‍♂️ אין צורך להזמין מראש: פארק ציבורי חופשי.,https://www.kensetsu.metro.tokyo.lg.jp/jimusho/toubuk/ueno/index_top.html,ירידה מהאוטובוס ונסיעה של כ-20 דקות לאואנו,https://www.google.com/maps/dir/?api=1&origin=Tokyo+Station&destination=Ueno+Park,,,✓ התרעננות בתחנה לאחר האוטובוס | ✓ מטבעות 500 ין ללוקר | ✓ Power Bank וכבל

🔬,17 (חמישי),29/10/2026,National Museum of Nature and Science,מוזיאון | מדע וטבע,⭐⭐⭐⭐ מומלץ,"7-20 Uenokoen, Taito City, Tokyo",הכל (מקורה),"מוזיאון למדע, חלל ורובוטיקה (יובא מקובץ החלופות!):
• חקר הטכנולוגיה היפנית. ממוקם ממש בתוך הפארק ומנצל במדויק את זמן הבוקר לפני המשך היום.
[רמת עומס: 🟡 בינוני]
💡 Plan B: מושלם וחסין גשם.
🍽️ פתרון תזונה: תוכנן מראש.
🥤 שילוב חלבון: חטיף בתיק.
🔍 לסינון: מוזיאון / טכנולוגיה","הליכה קצרה בתוך פארק אואנו אל המוזיאון.",טוקיו - אואנו,09:45 - 11:00,שעה ורבע,,11 ₪ (~620 ¥),🚶‍♂️ תשלום בקופה במקום.,https://www.kahaku.go.jp/english/,≈ 5 דקות הליכה פנימית,https://www.google.com/maps/dir/?api=1&origin=Ueno+Park&destination=National+Museum+of+Nature+and+Science,,⚠️ שירותים,✓ סקרנות טכנולוגית | ✓ Power Bank וכבל

⚾,17 (חמישי),29/10/2026,Asakusa Batting Stadium,אטרקציה | ספורט חוויותי,⭐⭐⭐⭐ מומלץ,"1 Chome-27-5 Asakusa, Taito City, Tokyo",הכל (מקורה),"כלובי חבטות בייסבול:

• חוויה יפנית קלאסית של פריקת אנרגיה לקראת טיסה! שולב כנקודה הרחוקה ביותר באזור, ממנה רק מתקרבים חזרה לתחנת אואנו לקראת הרכבת לשדה.

🍫 שילוב חלבון: חטיף חלבון מיד אחרי החבטות.

[רמת עומס: 🔴 גבוה]

💡 Plan B מזג אוויר/עומס: אם המתקן סגור (גשם/רוח) — מעבר למתקן מקורה סמוך או קיצור הביקור.

🍽️ פתרון תזונה: מכוסה בתכנון היומי — אוכל כשר שהוכן/נרכש מראש או חטיפים מהתיק.

🔍 לסינון: אטרקציה / ספורט",נסיעה קצרה של 5-7 דקות בתחתית (קו Ginza) מ-Ueno ל-Asakusa.,טוקיו - אסאקוסה,11:00 - 12:00,שעה,,10 ₪ (~500 ¥) לסיבוב,🚶‍♂️ אין צורך להזמין מראש. תשלום במכונות במקום.,https://www.asakusa-bs.com/,≈ 10 דקות (תחתית והליכה קצרה),https://www.google.com/maps/dir/?api=1&origin=Ueno+Park&destination=Asakusa+Batting+Stadium,,⚠️ שירותים,✓ נעלי ספורט | ✓ Power Bank וכבל

🛍️,17 (חמישי),29/10/2026,Kappabashi Dogu Street,קניות | כלי מטבח וקולינריה,⭐⭐⭐⭐ מומלץ,"Kappabashi, Taito City, Tokyo",☀️ שמש / ☁️ מעונן,"רחוב הכלים המקצועיים של טוקיו: המקום המושלם לקניית ציוד בישול יפני וסכיני שף. חוצץ הליכה מצוין.

[רמת עומס: 🟢 קל]

💡 Plan B גשם: הרחוב מקורה בחלקו, אפשר להשתמש במטרייה או לדלג לחנות צעצועים באואנו.

🍽️ פתרון תזונה: מכוסה בתכנון היומי.

🥤 שילוב חלבון: חטיף חלבון בתיק.

🔍 לסינון: קניות / כלי מטבח","הליכה ישירה מאזור אסאקוסה לכיוון מערב אל הרחוב.",טוקיו - אסאקוסה,12:15 - 13:00,45 דקות,,"כניסה: 0₪ | קניות (אופציונלי): כ-277 ₪ (~15,000 ¥)",🚶‍♂️ אין צורך להזמין.,https://www.japan-guide.com/e/e3020.html,≈ 10 דקות הליכה,https://www.google.com/maps/dir/?api=1&origin=Asakusa+Batting+Stadium&destination=Kappabashi+Dogu+Street,,⚠️ שירותים,✓ מזומן

🧸,17 (חמישי),29/10/2026,Yamashiroya,קניות | צעצועים ותרבות פופ,⭐⭐⭐⭐ מומלץ,"6-14-6 Ueno, Taito City, Tokyo",הכל (מקורה),"חנות צעצועים ואנימה בת 7 קומות באואנו:
• פיגרים, גאדג'טים ופופ-קאלצ'ר ממש מול התחנה באואנו אליה אתה כבר מתקרב.

[רמת עומס: 🟡 בינוני]

💡 Plan B: אם עמוס/סגור — מעבר לחנות/קומביני סמוך או קיצור הביקור.

🍽️ פתרון תזונה: מכוסה בתכנון היומי — אוכל כשר שהוכן/נרכש מראש או חטיפים מהתיק.

🥤 שילוב חלבון: חטיף/שייק חלבון זמין בתיק — לצריכה לפי הצורך.

🔍 לסינון: קניות / צעצועים","המשך הליכה רציפה חזרה ל-Ueno Station.",טוקיו - אואנו,13:15 - 14:15,שעה,,"כניסה: 0₪ | קניות (אופציונלי): כ-92 ₪ (~5,000 ¥)",🚶‍♂️ אין צורך להזמין מראש.,https://e-yamashiroya.com/,≈ 15 דקות הליכה,https://www.google.com/maps/dir/?api=1&origin=Kappabashi+Dogu+Street&destination=Yamashiroya,,⚠️ שירותים,✓ דרכון פיזי

🍽️,17 (חמישי),29/10/2026,Ameyoko Shopping Street,קניות | שוק רחוב,⭐⭐⭐⭐ מומלץ,"4 Chome-9-14 Ueno, Taito City, Tokyo",☀️ שמש / ☁️ מעונן,"שוק הרחוב אמיוקו:

• שוק רחוב ואוכל שוקק חיים, פתוח והיסטורי מתחת למסילת הרכבת העילית (חילוני).

[רמת עומס: 🟡 בינוני]

💡 Plan B גשם: השוק מקורה ברובו; אם עמוס — קיצור הסיבוב וקנייה ממוקדת.

🍽️ פתרון תזונה: מכוסה בתכנון היומי — אוכל כשר שהוכן/נרכש מראש או חטיפים מהתיק.

🥤 שילוב חלבון: חטיף/שייק חלבון זמין בתיק — לצריכה לפי הצורך.

🔍 לסינון: קניות / שוק / אוכל",הליכה קצרה מ-Yamashiroya אל תוך רחוב השוק.,טוקיו - אואנו,14:15 - 15:00,45 דקות,,חינם,🚶‍♂️ אין צורך להזמין מראש: סיור רחוב.,https://www.ameyoko.net/,≈ 5 דקות הליכה,https://www.google.com/maps/dir/?api=1&origin=Yamashiroya&destination=Ameyoko+Shopping+Street,,⚠️ שירותים,✓ מזומן וכרטיס אשראי לקניות אחרונות | ✓ Power Bank וכבל

🎮,17 (חמישי),29/10/2026,Taito Station Ueno Ameyoko,אטרקציה | גיימינג וארקייד,⭐⭐⭐⭐ מומלץ,"4-10-17 Ueno, Taito City, Tokyo",הכל (מקורה),"ארקייד גיימינג אקטיבי ענק:
• סימולטורים של נהיגה, משחקי קצב ומנופי בובות. בתוך שוק אמי-יוקו. פריקת אנרגיה מטורפת אחרונה לפני הטיסה.

[רמת עומס: 🟡 בינוני]

💡 Plan B: אם עמוס/סגור — מעבר לאטרקציה מקורה סמוכה או קיצור הביקור.

🍽️ פתרון תזונה: מכוסה בתכנון היומי — אוכל כשר שהוכן/נרכש מראש או חטיפים מהתיק.

🥤 שילוב חלבון: חטיף/שייק חלבון זמין בתיק — לצריכה לפי הצורך.

🔍 לסינון: אטרקציה / גיימינג",נמצא ברחוב אמי-יוקו עצמו.,טוקיו - אואנו,15:00 - 15:30,30 דקות,,"כ-55 ₪ (~3,000 ¥)",🚶‍♂️ הפעלה חופשית במכונות במקום..,https://www.taito.co.jp/store/00001880,≈ 0 דקות (נמצא בתוך השוק עצמו),https://www.google.com/maps/dir/?api=1&origin=Ameyoko+Shopping+Street&destination=Taito+Station+Ueno+Ameyoko,,⚠️ שירותים,✓ מטבעות 100 ין

🍽️,17 (חמישי),29/10/2026,Takeya (Okachimachi / Ueno),קניות | כלבו וסופרמרקט,⭐⭐⭐ אם יש זמן,"4 Chome-33-2 Taito, Taito City, Tokyo",הכל (מקורה),"חנות הדיסקאונט הענקית טאקיה:

• קניית ממתקים ואוכל אחרונה, שוקולדים, חטיפים מלוחים (כמו בייגלה/Pretzels) ותה ירוק במחירי רצפה (Tax-Free). מיקום עוגן לסגירת הקניות.

[רמת עומס: 🟢 קל]

💡 Plan B: אם סגור — קומביני חלופי סמוך (רובם פתוחים 24/7).

🍽️ פתרון תזונה: מכוסה בתכנון היומי — אוכל כשר שהוכן/נרכש מראש או חטיפים מהתיק.

🥤 שילוב חלבון: חטיף/שייק חלבון זמין בתיק — לצריכה לפי הצורך.

🔍 לסינון: קניות / סופרמרקט / אוכל",הליכה רגלית לכיוון תחנת Okachimachi.,טוקיו - אואנו,15:30 - 16:15,45 דקות,,"כניסה: 0₪ | קניות (אופציונלי): כ-92 ₪ (~5,000 ¥)",🚶‍♂️ הצג דרכון פיזי בקופה לטובת Tax-Free.,https://takeya.co.jp/english/,≈ 5 דקות הליכה קצרה,https://www.google.com/maps/dir/?api=1&origin=Taito+Station+Ueno+Ameyoko&destination=Takeya+Okachimachi,,⚠️ שירותים,✓ דרכון פיזי | ✓ תיק קטן פנוי לממתקים | ✓ Power Bank וכבל

🛫,17 (חמישי),29/10/2026,טיסה חזור (Emirates),תחבורה | טיסה בינלאומית,⭐⭐⭐⭐⭐ חובה,"Narita International Airport, Terminal 2",הכל (מקורה),"טיסה חזור לישראל (EK321). המראה מנריטה טרמינל 2 בשעה 21:30 (29/10), קונקשן בדובאי, ונחיתה בתל אביב (EK2120/FZ1073) מחר ב-08:05. מס' כרטיס: 176 2211631766-67. PNR: M6HGVB.

🚨 חובה לאסוף את התיק מהלוקר באואנו ב-16:30 לפני העלייה לרכבת ה-Skyliner! בשדה עצמו: אסוף את המזוודה הגדולה מדוכן Yamato בטרמינל 2 (והכנס אליה בחזרה את הסירים).

[נסיעה רגועה וישירה לשדה ב-17:00 להימנע מעומס המוני בערב].

[רמת עומס: 🟡 בינוני]

💡 Plan B עיכוב: במקרה עיכוב טיסה — המתנה באזור מנוחה/לאונג' בטרמינל וארגון מחדש של לוח הזמנים.

🍽️ פתרון תזונה: ארוחה כשרה מוזמנת מראש בטיסה + חטיפים כשרים מהארץ.

🥤 שילוב חלבון: חטיף/שייק חלבון זמין בתיק — לצריכה לפי הצורך.

🔍 לסינון: תחבורה","חזרה רגלית לתחנת אואנו (5 דקות הליכה), והגעה לטרמינל 2 בנריטה באמצעות רכבת ה-Skyliner מאואנו.",טוקיו > ישראל,18:30 (הגעה לשדה),17.5 שעות טיסה,,2250.22 ₪,✅ כבר הוזמן ושולם (חלק מעלות כוללת של 1503.77$),"רשמי: https://www.emirates.com/
Klook: https://www.klook.com/
Trip: https://www.trip.com/
KKday: https://www.kkday.com/
GetYourGuide: https://www.getyourguide.com/
Pelago: https://www.pelago.co/",הגעה באקספרס מאואנו,https://www.google.com/maps/search/?api=1&query=Narita+Airport+Terminal+2,,"⚠️ כבודה: 25 ק""ג מזוודה בלבד! (ירד מ-30) ו-7 ק""ג טרולי.",✓ איסוף תיק מלוקר באואנו | ✓ איסוף מזוודה מ-Yamato | ✓ דרכון | ✓ כרטיס טיסה | ✓ Power Bank וכבל